[Architectury Transformer] Architectury Runtime 5.2.91
[Architectury Transformer DEBUG] Closed File Systems for C:\Users\DanUn\.gradle\caches\modules-2\files-2.1\org.jetbrains.kotlin\kotlin-stdlib\2.2.20\5380b19fa1924399b62ce3a1faffebb2b4f82272\kotlin-stdlib-2.2.20.jar
[Architectury Transformer DEBUG] Closed File Systems for C:\Users\DanUn\.gradle\caches\modules-2\files-2.1\org.jetbrains\annotations\13.0\919f0dfe192fb4e063e7dacadee7f8bb9a2672a9\annotations-13.0.jar
[Architectury Transformer DEBUG] Closed File Systems for C:\Users\DanUn\Desktop\Projects\Java\Minecraft\CobblemonHammers\common\build\devlibs\common-1.0.0-SNAPSHOT-dev.jar
[Architectury Transformer DEBUG] Preparing tiny remapper prepared transformer: dev.architectury.transformer.handler.TinyRemapperPreparedTransformerHandler
[Architectury Transformer DEBUG] Provided 76 classpath jar(s):
[Architectury Transformer DEBUG]  - C:\Users\DanUn\.gradle\caches\modules-2\files-2.1\dev.architectury\architectury-injectables\1.0.10\62db2a366d662606d1b23ad02ccc3212ed37ec3\architectury-injectables-1.0.10.jar
[Architectury Transformer DEBUG]  - C:\Users\DanUn\.gradle\caches\modules-2\files-2.1\net.fabricmc\fabric-loader\0.19.3\354dfaa02d0552e11867f85dff7cdbfaf813ba3e\fabric-loader-0.19.3.jar
[Architectury Transformer DEBUG]  - C:\Users\DanUn\.gradle\caches\modules-2\files-2.1\org.jetbrains\annotations\26.0.2\c7ce3cdeda3d18909368dfe5977332dfad326c6d\annotations-26.0.2.jar
[Architectury Transformer DEBUG]  - C:\Users\DanUn\.gradle\caches\modules-2\files-2.1\org.ow2.asm\asm\9.8\dc19ecb3f7889b7860697215cae99c0f9b6f6b4b\asm-9.8.jar
[Architectury Transformer DEBUG]  - C:\Users\DanUn\.gradle\caches\modules-2\files-2.1\org.ow2.asm\asm-analysis\9.8\b9747a320844b6cb1eacd90d8ecfd260a16c01d3\asm-analysis-9.8.jar
[Architectury Transformer DEBUG]  - C:\Users\DanUn\.gradle\caches\modules-2\files-2.1\org.ow2.asm\asm-commons\9.8\36e4d212970388e5bd2c5180292012502df461bb\asm-commons-9.8.jar
[Architectury Transformer DEBUG]  - C:\Users\DanUn\.gradle\caches\modules-2\files-2.1\org.ow2.asm\asm-tree\9.8\18419ca5b77a2f81097c741e7872e6ab8d2f40d\asm-tree-9.8.jar
[Architectury Transformer DEBUG]  - C:\Users\DanUn\.gradle\caches\modules-2\files-2.1\org.ow2.asm\asm-util\9.8\395f1c1f035258511f27bc9b2583d76e4b143f59\asm-util-9.8.jar
[Architectury Transformer DEBUG]  - C:\Users\DanUn\.gradle\caches\modules-2\files-2.1\net.fabricmc\sponge-mixin\0.16.3+mixin.0.8.7\3e535042688d1265447e52ad86950b7d9678a5fa\sponge-mixin-0.16.3+mixin.0.8.7.jar
[Architectury Transformer DEBUG]  - C:\Users\DanUn\.gradle\caches\modules-2\files-2.1\io.github.llamalad7\mixinextras-fabric\0.5.0\91a83dfb7abd320f6236bd1fcf5c0ff143d59a13\mixinextras-fabric-0.5.0.jar
[Architectury Transformer DEBUG]  - C:\Users\DanUn\.gradle\caches\modules-2\files-2.1\com.github.oshi\oshi-core\6.4.10\b1d8ab82d11d92fd639b56d639f8f46f739dd5fa\oshi-core-6.4.10.jar
[Architectury Transformer DEBUG]  - C:\Users\DanUn\.gradle\caches\modules-2\files-2.1\com.google.code.gson\gson\2.10.1\b3add478d4382b78ea20b1671390a858002feb6c\gson-2.10.1.jar
[Architectury Transformer DEBUG]  - C:\Users\DanUn\.gradle\caches\modules-2\files-2.1\com.google.guava\failureaccess\1.0.1\1dcf1de382a0bf95a3d8b0849546c88bac1292c9\failureaccess-1.0.1.jar
[Architectury Transformer DEBUG]  - C:\Users\DanUn\.gradle\caches\modules-2\files-2.1\com.google.guava\guava\32.1.2-jre\5e64ec7e056456bef3a4bc4c6fdaef71e8ab6318\guava-32.1.2-jre.jar
[Architectury Transformer DEBUG]  - C:\Users\DanUn\.gradle\caches\modules-2\files-2.1\com.ibm.icu\icu4j\73.2\61ad4ef7f9131fcf6d25c34b817f90d6da06c9e9\icu4j-73.2.jar
[Architectury Transformer DEBUG]  - C:\Users\DanUn\.gradle\caches\modules-2\files-2.1\com.mojang\authlib\6.0.54\de8bc95660e1b2fe8793fd427a7a10dcec5b3ea7\authlib-6.0.54.jar
[Architectury Transformer DEBUG]  - C:\Users\DanUn\.gradle\caches\modules-2\files-2.1\com.mojang\blocklist\1.0.10\5c685c5ffa94c4cd39496c7184c1d122e515ecef\blocklist-1.0.10.jar
[Architectury Transformer DEBUG]  - C:\Users\DanUn\.gradle\caches\modules-2\files-2.1\com.mojang\brigadier\1.3.10\d15b53a14cf20fdcaa98f731af5dda654452c010\brigadier-1.3.10.jar
[Architectury Transformer DEBUG]  - C:\Users\DanUn\.gradle\caches\modules-2\files-2.1\com.mojang\datafixerupper\8.0.16\67d4de6d7f95d89bcf5862995fb854ebaec02a34\datafixerupper-8.0.16.jar
[Architectury Transformer DEBUG]  - C:\Users\DanUn\.gradle\caches\modules-2\files-2.1\com.mojang\logging\1.2.7\24cb95ffb0e3433fd6e844c04e68009e504ca1c0\logging-1.2.7.jar
[Architectury Transformer DEBUG]  - C:\Users\DanUn\.gradle\caches\modules-2\files-2.1\com.mojang\patchy\2.2.10\da05971b07cbb379d002cf7eaec6a2048211fefc\patchy-2.2.10.jar
[Architectury Transformer DEBUG]  - C:\Users\DanUn\.gradle\caches\modules-2\files-2.1\com.mojang\text2speech\1.17.9\3cad216e3a7f0c19b4b394388bc9ffc446f13b14\text2speech-1.17.9.jar
[Architectury Transformer DEBUG]  - C:\Users\DanUn\.gradle\caches\modules-2\files-2.1\commons-codec\commons-codec\1.16.0\4e3eb3d79888d76b54e28b350915b5dc3919c9de\commons-codec-1.16.0.jar
[Architectury Transformer DEBUG]  - C:\Users\DanUn\.gradle\caches\modules-2\files-2.1\commons-io\commons-io\2.15.1\f11560da189ab563a5c8e351941415430e9304ea\commons-io-2.15.1.jar
[Architectury Transformer DEBUG]  - C:\Users\DanUn\.gradle\caches\modules-2\files-2.1\commons-logging\commons-logging\1.2\4bfc12adfe4842bf07b657f0369c4cb522955686\commons-logging-1.2.jar
[Architectury Transformer DEBUG]  - C:\Users\DanUn\.gradle\caches\modules-2\files-2.1\io.netty\netty-buffer\4.1.97.Final\f8f3d8644afa5e6e1a40a3a6aeb9d9aa970ecb4f\netty-buffer-4.1.97.Final.jar
[Architectury Transformer DEBUG]  - C:\Users\DanUn\.gradle\caches\modules-2\files-2.1\io.netty\netty-codec\4.1.97.Final\384ba4d75670befbedb45c4d3b497a93639c206d\netty-codec-4.1.97.Final.jar
[Architectury Transformer DEBUG]  - C:\Users\DanUn\.gradle\caches\modules-2\files-2.1\io.netty\netty-common\4.1.97.Final\7cceacaf11df8dc63f23d0fb58e9d4640fc88404\netty-common-4.1.97.Final.jar
[Architectury Transformer DEBUG]  - C:\Users\DanUn\.gradle\caches\modules-2\files-2.1\io.netty\netty-handler\4.1.97.Final\abb86c6906bf512bf2b797a41cd7d2e8d3cd7c36\netty-handler-4.1.97.Final.jar
[Architectury Transformer DEBUG]  - C:\Users\DanUn\.gradle\caches\modules-2\files-2.1\io.netty\netty-resolver\4.1.97.Final\cec8348108dc76c47cf87c669d514be52c922144\netty-resolver-4.1.97.Final.jar
[Architectury Transformer DEBUG]  - C:\Users\DanUn\.gradle\caches\modules-2\files-2.1\io.netty\netty-transport-classes-epoll\4.1.97.Final\795da37ded759e862457a82d9d92c4d39ce8ecee\netty-transport-classes-epoll-4.1.97.Final.jar
[Architectury Transformer DEBUG]  - C:\Users\DanUn\.gradle\caches\modules-2\files-2.1\io.netty\netty-transport-native-unix-common\4.1.97.Final\d469d84265ab70095b01b40886cabdd433b6e664\netty-transport-native-unix-common-4.1.97.Final.jar
[Architectury Transformer DEBUG]  - C:\Users\DanUn\.gradle\caches\modules-2\files-2.1\io.netty\netty-transport\4.1.97.Final\f37380d23c9bb079bc702910833b2fd532c9abd0\netty-transport-4.1.97.Final.jar
[Architectury Transformer DEBUG]  - C:\Users\DanUn\.gradle\caches\modules-2\files-2.1\it.unimi.dsi\fastutil\8.5.12\c24946d46824bd528054bface3231d2ecb7e95e8\fastutil-8.5.12.jar
[Architectury Transformer DEBUG]  - C:\Users\DanUn\.gradle\caches\modules-2\files-2.1\net.java.dev.jna\jna-platform\5.14.0\28934d48aed814f11e4c584da55c49fa7032b31b\jna-platform-5.14.0.jar
[Architectury Transformer DEBUG]  - C:\Users\DanUn\.gradle\caches\modules-2\files-2.1\net.java.dev.jna\jna\5.14.0\67bf3eaea4f0718cb376a181a629e5f88fa1c9dd\jna-5.14.0.jar
[Architectury Transformer DEBUG]  - C:\Users\DanUn\.gradle\caches\modules-2\files-2.1\net.sf.jopt-simple\jopt-simple\5.0.4\4fdac2fbe92dfad86aa6e9301736f6b4342a3f5c\jopt-simple-5.0.4.jar
[Architectury Transformer DEBUG]  - C:\Users\DanUn\.gradle\caches\modules-2\files-2.1\org.apache.commons\commons-compress\1.26.0\659feffdd12280201c8aacb8f7be94f9a883c824\commons-compress-1.26.0.jar
[Architectury Transformer DEBUG]  - C:\Users\DanUn\.gradle\caches\modules-2\files-2.1\org.apache.commons\commons-lang3\3.14.0\1ed471194b02f2c6cb734a0cd6f6f107c673afae\commons-lang3-3.14.0.jar
[Architectury Transformer DEBUG]  - C:\Users\DanUn\.gradle\caches\modules-2\files-2.1\org.apache.httpcomponents\httpclient\4.5.13\e5f6cae5ca7ecaac1ec2827a9e2d65ae2869cada\httpclient-4.5.13.jar
[Architectury Transformer DEBUG]  - C:\Users\DanUn\.gradle\caches\modules-2\files-2.1\org.apache.httpcomponents\httpcore\4.4.16\51cf043c87253c9f58b539c9f7e44c8894223850\httpcore-4.4.16.jar
[Architectury Transformer DEBUG]  - C:\Users\DanUn\.gradle\caches\modules-2\files-2.1\org.apache.logging.log4j\log4j-api\2.22.1\bea6fede6328fabafd7e68363161a7ea6605abd1\log4j-api-2.22.1.jar
[Architectury Transformer DEBUG]  - C:\Users\DanUn\.gradle\caches\modules-2\files-2.1\org.apache.logging.log4j\log4j-core\2.22.1\7183a25510a02ad00cc6a95d3b3d2a7d3c5a8dc4\log4j-core-2.22.1.jar
[Architectury Transformer DEBUG]  - C:\Users\DanUn\.gradle\caches\modules-2\files-2.1\org.apache.logging.log4j\log4j-slf4j2-impl\2.22.1\d7e6693c2606cb7e7335047d7bb96dec52db5665\log4j-slf4j2-impl-2.22.1.jar
[Architectury Transformer DEBUG]  - C:\Users\DanUn\.gradle\caches\modules-2\files-2.1\org.jcraft\jorbis\0.0.17\8872d22b293e8f5d7d56ff92be966e6dc28ebdc6\jorbis-0.0.17.jar
[Architectury Transformer DEBUG]  - C:\Users\DanUn\.gradle\caches\modules-2\files-2.1\org.joml\joml\1.10.5\22566d58af70ad3d72308bab63b8339906deb649\joml-1.10.5.jar
[Architectury Transformer DEBUG]  - C:\Users\DanUn\.gradle\caches\modules-2\files-2.1\org.lwjgl\lwjgl-freetype\3.3.3\a0db6c84a8becc8ca05f9dbfa985edc348a824c7\lwjgl-freetype-3.3.3.jar
[Architectury Transformer DEBUG]  - C:\Users\DanUn\.gradle\caches\modules-2\files-2.1\org.lwjgl\lwjgl-glfw\3.3.3\efa1eb78c5ccd840e9f329717109b5e892d72f8e\lwjgl-glfw-3.3.3.jar
[Architectury Transformer DEBUG]  - C:\Users\DanUn\.gradle\caches\modules-2\files-2.1\org.lwjgl\lwjgl-jemalloc\3.3.3\b543467b7ff3c6920539a88ee602d34098628be5\lwjgl-jemalloc-3.3.3.jar
[Architectury Transformer DEBUG]  - C:\Users\DanUn\.gradle\caches\modules-2\files-2.1\org.lwjgl\lwjgl-openal\3.3.3\daada81ceb5fc0c291fbfdd4433cb8d9423577f2\lwjgl-openal-3.3.3.jar
[Architectury Transformer DEBUG]  - C:\Users\DanUn\.gradle\caches\modules-2\files-2.1\org.lwjgl\lwjgl-opengl\3.3.3\2f6b0147078396a58979125a4c947664e98293a\lwjgl-opengl-3.3.3.jar
[Architectury Transformer DEBUG]  - C:\Users\DanUn\.gradle\caches\modules-2\files-2.1\org.lwjgl\lwjgl-stb\3.3.3\25dd6161988d7e65f71d5065c99902402ee32746\lwjgl-stb-3.3.3.jar
[Architectury Transformer DEBUG]  - C:\Users\DanUn\.gradle\caches\modules-2\files-2.1\org.lwjgl\lwjgl-tinyfd\3.3.3\82d755ca94b102e9ca77283b9e2dc46d1b15fbe5\lwjgl-tinyfd-3.3.3.jar
[Architectury Transformer DEBUG]  - C:\Users\DanUn\.gradle\caches\modules-2\files-2.1\org.lwjgl\lwjgl\3.3.3\29589b5f87ed335a6c7e7ee6a5775f81f97ecb84\lwjgl-3.3.3.jar
[Architectury Transformer DEBUG]  - C:\Users\DanUn\.gradle\caches\modules-2\files-2.1\org.lz4\lz4-java\1.8.0\4b986a99445e49ea5fbf5d149c4b63f6ed6c6780\lz4-java-1.8.0.jar
[Architectury Transformer DEBUG]  - C:\Users\DanUn\.gradle\caches\modules-2\files-2.1\org.slf4j\slf4j-api\2.0.9\7cf2726fdcfbc8610f9a71fb3ed639871f315340\slf4j-api-2.0.9.jar
[Architectury Transformer DEBUG]  - C:\Users\DanUn\Desktop\Projects\Java\Minecraft\CobblemonHammers\.gradle\loom-cache\minecraftMaven\net\minecraft\minecraft-merged-eb24ce879b\1.21.1-loom.mappings.1_21_1.layered+hash.40359-v2\minecraft-merged-eb24ce879b-1.21.1-loom.mappings.1_21_1.layered+hash.40359-v2.jar
[Architectury Transformer DEBUG]  - C:\Users\DanUn\.gradle\caches\modules-2\files-2.1\io.netty\netty-transport-native-epoll\4.1.97.Final\54188f271e388e7f313aea995e82f58ce2cdb809\netty-transport-native-epoll-4.1.97.Final-linux-x86_64.jar
[Architectury Transformer DEBUG]  - C:\Users\DanUn\.gradle\caches\modules-2\files-2.1\io.netty\netty-transport-native-epoll\4.1.97.Final\5514744c588190ffda076b35a9b8c9f24946a960\netty-transport-native-epoll-4.1.97.Final-linux-aarch_64.jar
[Architectury Transformer DEBUG]  - C:\Users\DanUn\.gradle\caches\modules-2\files-2.1\org.jetbrains.kotlin\kotlin-stdlib-jdk8\2.2.20\57c4d839a6e5ad105d61ffc5cc0bf4de649c1714\kotlin-stdlib-jdk8-2.2.20.jar
[Architectury Transformer DEBUG]  - C:\Users\DanUn\.gradle\caches\modules-2\files-2.1\org.jetbrains.kotlin\kotlin-stdlib-jdk7\2.2.20\bdbe3b5d872fa3b74d8fcd4e7ca3193f4abc9cc8\kotlin-stdlib-jdk7-2.2.20.jar
[Architectury Transformer DEBUG]  - C:\Users\DanUn\.gradle\caches\modules-2\files-2.1\org.jetbrains.kotlin\kotlin-reflect\2.2.20\665c83286bdf6e8ed541ff485e0d322ffeca8d2b\kotlin-reflect-2.2.20.jar
[Architectury Transformer DEBUG]  - C:\Users\DanUn\.gradle\caches\modules-2\files-2.1\org.jetbrains.kotlinx\kotlinx-coroutines-jdk8\1.10.2\809f71bf722bad7e78ebe8ec710c0327c23b7a31\kotlinx-coroutines-jdk8-1.10.2.jar
[Architectury Transformer DEBUG]  - C:\Users\DanUn\.gradle\caches\modules-2\files-2.1\org.jetbrains.kotlinx\kotlinx-coroutines-core-jvm\1.10.2\4a9f78ef49483748e2c129f3d124b8fa249dafbf\kotlinx-coroutines-core-jvm-1.10.2.jar
[Architectury Transformer DEBUG]  - C:\Users\DanUn\.gradle\caches\modules-2\files-2.1\org.jetbrains.kotlinx\kotlinx-serialization-json-jvm\1.9.0\aea6f7d49fe5c458f8963ee6d4bdaf4a459ab3e7\kotlinx-serialization-json-jvm-1.9.0.jar
[Architectury Transformer DEBUG]  - C:\Users\DanUn\.gradle\caches\modules-2\files-2.1\org.jetbrains.kotlinx\kotlinx-serialization-cbor-jvm\1.9.0\a5b382b72c6f51ff6129080c49c4ae4c12ff57a6\kotlinx-serialization-cbor-jvm-1.9.0.jar
[Architectury Transformer DEBUG]  - C:\Users\DanUn\.gradle\caches\modules-2\files-2.1\org.jetbrains.kotlinx\kotlinx-serialization-core-jvm\1.9.0\91448df39c558f7c6147b8bd8db01debe16e0cc1\kotlinx-serialization-core-jvm-1.9.0.jar
[Architectury Transformer DEBUG]  - C:\Users\DanUn\.gradle\caches\modules-2\files-2.1\org.jetbrains.kotlinx\kotlinx-datetime-jvm\0.7.1\81c2e0246bd28cc2dcbdf0ab53628322e66a9de9\kotlinx-datetime-jvm-0.7.1.jar
[Architectury Transformer DEBUG]  - C:\Users\DanUn\.gradle\caches\modules-2\files-2.1\org.jetbrains.kotlinx\kotlinx-io-core-jvm\0.8.0\358a9f2ba2dc81c5dc84c3d1853f6e5efba63be1\kotlinx-io-core-jvm-0.8.0.jar
[Architectury Transformer DEBUG]  - C:\Users\DanUn\.gradle\caches\modules-2\files-2.1\org.jetbrains.kotlinx\kotlinx-io-bytestring-jvm\0.8.0\89c5399596250e71f2bba6d2415972a078a525c7\kotlinx-io-bytestring-jvm-0.8.0.jar
[Architectury Transformer DEBUG]  - C:\Users\DanUn\.gradle\caches\modules-2\files-2.1\org.jetbrains.kotlinx\atomicfu-jvm\0.29.0\fad29f53ad0c239ba525b637a152bfcaa8631f0f\atomicfu-jvm-0.29.0.jar
[Architectury Transformer DEBUG]  - C:\Users\DanUn\Desktop\Projects\Java\Minecraft\CobblemonHammers\.gradle\loom-cache\remapped_mods\remapped\net\fabricmc\fabric-api\fabric-command-api-v2-b9d2d3ba\2.2.28+6ced4dd919\fabric-command-api-v2-b9d2d3ba-2.2.28+6ced4dd919.jar
[Architectury Transformer DEBUG]  - C:\Users\DanUn\Desktop\Projects\Java\Minecraft\CobblemonHammers\.gradle\loom-cache\remapped_mods\remapped\dev\architectury\architectury-fabric-b9d2d3ba\13.0.6\architectury-fabric-b9d2d3ba-13.0.6.jar
[Architectury Transformer DEBUG]  - C:\Users\DanUn\Desktop\Projects\Java\Minecraft\CobblemonHammers\.gradle\loom-cache\remapped_mods\remapped\net\fabricmc\fabric-language-kotlin-b9d2d3ba\1.13.6+kotlin.2.2.20\fabric-language-kotlin-b9d2d3ba-1.13.6+kotlin.2.2.20.jar
[Architectury Transformer DEBUG]  - C:\Users\DanUn\Desktop\Projects\Java\Minecraft\CobblemonHammers\.gradle\loom-cache\remapped_mods\remapped\com\cobblemon\fabric-b9d2d3ba\1.7.3+1.21.1\fabric-b9d2d3ba-1.7.3+1.21.1.jar
[Architectury Transformer DEBUG]  - C:\Users\DanUn\Desktop\Projects\Java\Minecraft\CobblemonHammers\.gradle\loom-cache\remapped_mods\remapped\net\fabricmc\fabric-api\fabric-api-base-b9d2d3ba\0.4.42+6573ed8c19\fabric-api-base-b9d2d3ba-0.4.42+6573ed8c19.jar
[Architectury Transformer] Read classpath in 2.044 s
[Architectury Transformer DEBUG] Closed File Systems for C:\Users\DanUn\.gradle\caches\modules-2\files-2.1\org.jetbrains.kotlin\kotlin-stdlib\2.2.20\5380b19fa1924399b62ce3a1faffebb2b4f82272\kotlin-stdlib-2.2.20.jar
[Architectury Transformer DEBUG] Transforming 5 transformer(s) from C:\Users\DanUn\.gradle\caches\modules-2\files-2.1\org.jetbrains.kotlin\kotlin-stdlib\2.2.20\5380b19fa1924399b62ce3a1faffebb2b4f82272\kotlin-stdlib-2.2.20.jar to C:\Users\DanUn\AppData\Local\Temp\15919430529658676608.jar: 
[Architectury Transformer DEBUG]  - dev.architectury.transformer.transformers.RuntimeMixinRefmapDetector@1698ee84
[Architectury Transformer DEBUG]  - dev.architectury.transformer.transformers.GenerateFakeFabricMod@10c626be
[Architectury Transformer DEBUG]  - dev.architectury.transformer.transformers.TransformExpectPlatform@2fc0cc3
[Architectury Transformer DEBUG]  - dev.architectury.transformer.transformers.RemapInjectables@328cf0e1
[Architectury Transformer DEBUG]  - dev.architectury.transformer.transformers.TransformPlatformOnly@63b1d4fa
[Architectury Transformer DEBUG] Transforming from C:\Users\DanUn\.gradle\caches\modules-2\files-2.1\org.jetbrains.kotlin\kotlin-stdlib\2.2.20\5380b19fa1924399b62ce3a1faffebb2b4f82272\kotlin-stdlib-2.2.20.jar to C:\Users\DanUn\AppData\Local\Temp\15919430529658676608.jar with 5 transformer(s) on dev.architectury.transformer.handler.SimpleTransformerHandler
[Architectury Transformer DEBUG] Found class transformer
[Architectury Transformer DEBUG] Writing kotlin/ArrayIntrinsicsKt with maxs=true frames=true
[Architectury Transformer DEBUG] Writing kotlin/BuilderInference with maxs=true frames=true
[Architectury Transformer DEBUG] Writing kotlin/CharCodeJVMKt with maxs=true frames=true
[Architectury Transformer DEBUG] Writing kotlin/CharCodeKt with maxs=true frames=true
[Architectury Transformer DEBUG] Writing kotlin/CompareToKt with maxs=true frames=true
[Architectury Transformer DEBUG] Writing kotlin/ConsistentCopyVisibility with maxs=true frames=true
[Architectury Transformer DEBUG] Writing kotlin/ContextFunctionTypeParams with maxs=true frames=true
[Architectury Transformer DEBUG] Writing kotlin/ContextParametersKt with maxs=true frames=true
[Architectury Transformer DEBUG] Writing kotlin/ContextParametersKt__ContextKt with maxs=true frames=true
[Architectury Transformer DEBUG] Writing kotlin/ContextParametersKt__ContextOfKt with maxs=true frames=true
[Architectury Transformer DEBUG] Writing kotlin/DeepRecursiveFunction with maxs=true frames=true
[Architectury Transformer DEBUG] Writing kotlin/DeepRecursiveKt with maxs=true frames=true
[Architectury Transformer DEBUG] Writing kotlin/DeepRecursiveScope with maxs=true frames=true
[Architectury Transformer DEBUG] Writing kotlin/DeepRecursiveScopeImpl$crossFunctionCompletion$$inlined$Continuation$1 with maxs=true frames=true
[Architectury Transformer DEBUG] Writing kotlin/DeepRecursiveScopeImpl with maxs=true frames=true
[Architectury Transformer DEBUG] Writing kotlin/Deprecated with maxs=true frames=true
[Architectury Transformer DEBUG] Writing kotlin/DeprecatedSinceKotlin with maxs=true frames=true
[Architectury Transformer DEBUG] Writing kotlin/DeprecationLevel with maxs=true frames=true
[Architectury Transformer DEBUG] Writing kotlin/DslMarker with maxs=true frames=true
[Architectury Transformer DEBUG] Writing kotlin/ExceptionsKt with maxs=true frames=true
[Architectury Transformer DEBUG] Writing kotlin/ExceptionsKt__ExceptionsKt with maxs=true frames=true
[Architectury Transformer DEBUG] Writing kotlin/ExperimentalContextParameters with maxs=true frames=true
[Architectury Transformer DEBUG] Writing kotlin/ExperimentalMultiplatform with maxs=true frames=true
[Architectury Transformer DEBUG] Writing kotlin/ExperimentalStdlibApi with maxs=true frames=true
[Architectury Transformer DEBUG] Writing kotlin/ExperimentalSubclassOptIn with maxs=true frames=true
[Architectury Transformer DEBUG] Writing kotlin/ExperimentalUnsignedTypes with maxs=true frames=true
[Architectury Transformer DEBUG] Writing kotlin/ExposedCopyVisibility with maxs=true frames=true
[Architectury Transformer DEBUG] Writing kotlin/ExtensionFunctionType with maxs=true frames=true
[Architectury Transformer DEBUG] Writing kotlin/Function with maxs=true frames=true
[Architectury Transformer DEBUG] Writing kotlin/HashCodeKt with maxs=true frames=true
[Architectury Transformer DEBUG] Writing kotlin/IgnorableReturnValue with maxs=true frames=true
[Architectury Transformer DEBUG] Writing kotlin/InitializedLazyImpl with maxs=true frames=true
[Architectury Transformer DEBUG] Writing kotlin/KotlinNothingValueException with maxs=true frames=true
[Architectury Transformer DEBUG] Writing kotlin/KotlinNullPointerException with maxs=true frames=true
[Architectury Transformer DEBUG] Writing kotlin/KotlinVersion$Companion with maxs=true frames=true
[Architectury Transformer DEBUG] Writing kotlin/KotlinVersion with maxs=true frames=true
[Architectury Transformer DEBUG] Writing kotlin/KotlinVersionCurrentValue with maxs=true frames=true
[Architectury Transformer DEBUG] Writing kotlin/LateinitKt with maxs=true frames=true
[Architectury Transformer DEBUG] Writing kotlin/Lazy with maxs=true frames=true
[Architectury Transformer DEBUG] Writing kotlin/LazyKt with maxs=true frames=true
[Architectury Transformer DEBUG] Writing kotlin/LazyKt__LazyJVMKt$WhenMappings with maxs=true frames=true
[Architectury Transformer DEBUG] Writing kotlin/LazyKt__LazyJVMKt with maxs=true frames=true
[Architectury Transformer DEBUG] Writing kotlin/LazyKt__LazyKt with maxs=true frames=true
[Architectury Transformer DEBUG] Writing kotlin/LazyThreadSafetyMode with maxs=true frames=true
[Architectury Transformer DEBUG] Writing kotlin/Metadata$DefaultImpls with maxs=true frames=true
[Architectury Transformer DEBUG] Writing kotlin/Metadata with maxs=true frames=true
[Architectury Transformer DEBUG] Writing kotlin/MustUseReturnValue with maxs=true frames=true
[Architectury Transformer DEBUG] Writing kotlin/NoWhenBranchMatchedException with maxs=true frames=true
[Architectury Transformer DEBUG] Writing kotlin/NotImplementedError with maxs=true frames=true
[Architectury Transformer DEBUG] Writing kotlin/NumbersKt with maxs=true frames=true
[Architectury Transformer DEBUG] Writing kotlin/NumbersKt__BigDecimalsKt with maxs=true frames=true
[Architectury Transformer DEBUG] Writing kotlin/NumbersKt__BigIntegersKt with maxs=true frames=true
[Architectury Transformer DEBUG] Writing kotlin/NumbersKt__FloorDivModKt with maxs=true frames=true
[Architectury Transformer DEBUG] Writing kotlin/NumbersKt__NumbersJVMKt with maxs=true frames=true
[Architectury Transformer DEBUG] Writing kotlin/NumbersKt__NumbersKt with maxs=true frames=true
[Architectury Transformer DEBUG] Writing kotlin/OptIn with maxs=true frames=true
[Architectury Transformer DEBUG] Writing kotlin/OptionalExpectation with maxs=true frames=true
[Architectury Transformer DEBUG] Writing kotlin/OverloadResolutionByLambdaReturnType with maxs=true frames=true
[Architectury Transformer DEBUG] Writing kotlin/Pair with maxs=true frames=true
[Architectury Transformer DEBUG] Writing kotlin/ParameterName with maxs=true frames=true
[Architectury Transformer DEBUG] Writing kotlin/PreconditionsKt with maxs=true frames=true
[Architectury Transformer DEBUG] Writing kotlin/PreconditionsKt__AssertionsJVMKt with maxs=true frames=true
[Architectury Transformer DEBUG] Writing kotlin/PreconditionsKt__PreconditionsKt with maxs=true frames=true
[Architectury Transformer DEBUG] Writing kotlin/PropertyReferenceDelegatesKt with maxs=true frames=true
[Architectury Transformer DEBUG] Writing kotlin/PublishedApi with maxs=true frames=true
[Architectury Transformer DEBUG] Writing kotlin/ReplaceWith with maxs=true frames=true
[Architectury Transformer DEBUG] Writing kotlin/RequiresOptIn$Level with maxs=true frames=true
[Architectury Transformer DEBUG] Writing kotlin/RequiresOptIn with maxs=true frames=true
[Architectury Transformer DEBUG] Writing kotlin/Result$Companion with maxs=true frames=true
[Architectury Transformer DEBUG] Writing kotlin/Result$Failure with maxs=true frames=true
[Architectury Transformer DEBUG] Writing kotlin/Result with maxs=true frames=true
[Architectury Transformer DEBUG] Writing kotlin/ResultKt with maxs=true frames=true
[Architectury Transformer DEBUG] Writing kotlin/SafePublicationLazyImpl$Companion with maxs=true frames=true
[Architectury Transformer DEBUG] Writing kotlin/SafePublicationLazyImpl with maxs=true frames=true
[Architectury Transformer DEBUG] Writing kotlin/SinceKotlin with maxs=true frames=true
[Architectury Transformer DEBUG] Writing kotlin/StandardKt with maxs=true frames=true
[Architectury Transformer DEBUG] Writing kotlin/StandardKt__StandardKt with maxs=true frames=true
[Architectury Transformer DEBUG] Writing kotlin/StandardKt__SynchronizedKt with maxs=true frames=true
[Architectury Transformer DEBUG] Writing kotlin/SubclassOptInRequired with maxs=true frames=true
[Architectury Transformer DEBUG] Writing kotlin/Suppress with maxs=true frames=true
[Architectury Transformer DEBUG] Writing kotlin/SuspendKt with maxs=true frames=true
[Architectury Transformer DEBUG] Writing kotlin/SynchronizedLazyImpl with maxs=true frames=true
[Architectury Transformer DEBUG] Writing kotlin/ThrowsKt with maxs=true frames=true
[Architectury Transformer DEBUG] Writing kotlin/Triple with maxs=true frames=true
[Architectury Transformer DEBUG] Writing kotlin/TuplesKt with maxs=true frames=true
[Architectury Transformer DEBUG] Writing kotlin/TypeAliasesKt with maxs=true frames=true
[Architectury Transformer DEBUG] Writing kotlin/TypeCastException with maxs=true frames=true
[Architectury Transformer DEBUG] Writing kotlin/UByte$Companion with maxs=true frames=true
[Architectury Transformer DEBUG] Writing kotlin/UByte with maxs=true frames=true
[Architectury Transformer DEBUG] Writing kotlin/UByteArray$Iterator with maxs=true frames=true
[Architectury Transformer DEBUG] Writing kotlin/UByteArray with maxs=true frames=true
[Architectury Transformer DEBUG] Writing kotlin/UByteArrayKt with maxs=true frames=true
[Architectury Transformer DEBUG] Writing kotlin/UByteKt with maxs=true frames=true
[Architectury Transformer DEBUG] Writing kotlin/UInt$Companion with maxs=true frames=true
[Architectury Transformer DEBUG] Writing kotlin/UInt with maxs=true frames=true
[Architectury Transformer DEBUG] Writing kotlin/UIntArray$Iterator with maxs=true frames=true
[Architectury Transformer DEBUG] Writing kotlin/UIntArray with maxs=true frames=true
[Architectury Transformer DEBUG] Writing kotlin/UIntArrayKt with maxs=true frames=true
[Architectury Transformer DEBUG] Writing kotlin/UIntKt with maxs=true frames=true
[Architectury Transformer DEBUG] Writing kotlin/ULong$Companion with maxs=true frames=true
[Architectury Transformer DEBUG] Writing kotlin/ULong with maxs=true frames=true
[Architectury Transformer DEBUG] Writing kotlin/ULongArray$Iterator with maxs=true frames=true
[Architectury Transformer DEBUG] Writing kotlin/ULongArray with maxs=true frames=true
[Architectury Transformer DEBUG] Writing kotlin/ULongArrayKt with maxs=true frames=true
[Architectury Transformer DEBUG] Writing kotlin/ULongKt with maxs=true frames=true
[Architectury Transformer DEBUG] Writing kotlin/UNINITIALIZED_VALUE with maxs=true frames=true
[Architectury Transformer DEBUG] Writing kotlin/UNumbersKt with maxs=true frames=true
[Architectury Transformer DEBUG] Writing kotlin/UShort$Companion with maxs=true frames=true
[Architectury Transformer DEBUG] Writing kotlin/UShort with maxs=true frames=true
[Architectury Transformer DEBUG] Writing kotlin/UShortArray$Iterator with maxs=true frames=true
[Architectury Transformer DEBUG] Writing kotlin/UShortArray with maxs=true frames=true
[Architectury Transformer DEBUG] Writing kotlin/UShortArrayKt with maxs=true frames=true
[Architectury Transformer DEBUG] Writing kotlin/UShortKt with maxs=true frames=true
[Architectury Transformer DEBUG] Writing kotlin/UninitializedPropertyAccessException with maxs=true frames=true
[Architectury Transformer DEBUG] Writing kotlin/Unit with maxs=true frames=true
[Architectury Transformer DEBUG] Writing kotlin/UnsafeLazyImpl with maxs=true frames=true
[Architectury Transformer DEBUG] Writing kotlin/UnsafeVariance with maxs=true frames=true
[Architectury Transformer DEBUG] Writing kotlin/UnsignedKt with maxs=true frames=true
[Architectury Transformer DEBUG] Writing kotlin/WasExperimental with maxs=true frames=true
[Architectury Transformer DEBUG] Writing kotlin/_Assertions with maxs=true frames=true
[Architectury Transformer DEBUG] Writing kotlin/annotation/AnnotationRetention with maxs=true frames=true
[Architectury Transformer DEBUG] Writing kotlin/annotation/AnnotationTarget with maxs=true frames=true
[Architectury Transformer DEBUG] Writing kotlin/annotation/MustBeDocumented with maxs=true frames=true
[Architectury Transformer DEBUG] Writing kotlin/annotation/Repeatable with maxs=true frames=true
[Architectury Transformer DEBUG] Writing kotlin/annotation/Retention with maxs=true frames=true
[Architectury Transformer DEBUG] Writing kotlin/annotation/Target with maxs=true frames=true
[Architectury Transformer DEBUG] Writing kotlin/collections/AbstractCollection with maxs=true frames=true
[Architectury Transformer DEBUG] Writing kotlin/collections/AbstractIterator with maxs=true frames=true
[Architectury Transformer DEBUG] Writing kotlin/collections/AbstractList$Companion with maxs=true frames=true
[Architectury Transformer DEBUG] Writing kotlin/collections/AbstractList$IteratorImpl with maxs=true frames=true
[Architectury Transformer DEBUG] Writing kotlin/collections/AbstractList$ListIteratorImpl with maxs=true frames=true
[Architectury Transformer DEBUG] Writing kotlin/collections/AbstractList$SubList with maxs=true frames=true
[Architectury Transformer DEBUG] Writing kotlin/collections/AbstractList with maxs=true frames=true
[Architectury Transformer DEBUG] Writing kotlin/collections/AbstractMap$Companion with maxs=true frames=true
[Architectury Transformer DEBUG] Writing kotlin/collections/AbstractMap$keys$1$iterator$1 with maxs=true frames=true
[Architectury Transformer DEBUG] Writing kotlin/collections/AbstractMap$keys$1 with maxs=true frames=true
[Architectury Transformer DEBUG] Writing kotlin/collections/AbstractMap$values$1$iterator$1 with maxs=true frames=true
[Architectury Transformer DEBUG] Writing kotlin/collections/AbstractMap$values$1 with maxs=true frames=true
[Architectury Transformer DEBUG] Writing kotlin/collections/AbstractMap with maxs=true frames=true
[Architectury Transformer DEBUG] Writing kotlin/collections/AbstractMutableCollection with maxs=true frames=true
[Architectury Transformer DEBUG] Writing kotlin/collections/AbstractMutableList with maxs=true frames=true
[Architectury Transformer DEBUG] Writing kotlin/collections/AbstractMutableMap with maxs=true frames=true
[Architectury Transformer DEBUG] Writing kotlin/collections/AbstractMutableSet with maxs=true frames=true
[Architectury Transformer DEBUG] Writing kotlin/collections/AbstractSet$Companion with maxs=true frames=true
[Architectury Transformer DEBUG] Writing kotlin/collections/AbstractSet with maxs=true frames=true
[Architectury Transformer DEBUG] Writing kotlin/collections/ArrayAsCollection with maxs=true frames=true
[Architectury Transformer DEBUG] Writing kotlin/collections/ArrayDeque$Companion with maxs=true frames=true
[Architectury Transformer DEBUG] Writing kotlin/collections/ArrayDeque with maxs=true frames=true
[Architectury Transformer DEBUG] Writing kotlin/collections/ArraysKt with maxs=true frames=true
[Architectury Transformer DEBUG] Writing kotlin/collections/ArraysKt__ArraysJVMKt with maxs=true frames=true
[Architectury Transformer DEBUG] Writing kotlin/collections/ArraysKt__ArraysKt with maxs=true frames=true
[Architectury Transformer DEBUG] Writing kotlin/collections/ArraysKt___ArraysJvmKt$asList$1 with maxs=true frames=true
[Architectury Transformer DEBUG] Writing kotlin/collections/ArraysKt___ArraysJvmKt$asList$2 with maxs=true frames=true
[Architectury Transformer DEBUG] Writing kotlin/collections/ArraysKt___ArraysJvmKt$asList$3 with maxs=true frames=true
[Architectury Transformer DEBUG] Writing kotlin/collections/ArraysKt___ArraysJvmKt$asList$4 with maxs=true frames=true
[Architectury Transformer DEBUG] Writing kotlin/collections/ArraysKt___ArraysJvmKt$asList$5 with maxs=true frames=true
[Architectury Transformer DEBUG] Writing kotlin/collections/ArraysKt___ArraysJvmKt$asList$6 with maxs=true frames=true
[Architectury Transformer DEBUG] Writing kotlin/collections/ArraysKt___ArraysJvmKt$asList$7 with maxs=true frames=true
[Architectury Transformer DEBUG] Writing kotlin/collections/ArraysKt___ArraysJvmKt$asList$8 with maxs=true frames=true
[Architectury Transformer DEBUG] Writing kotlin/collections/ArraysKt___ArraysJvmKt with maxs=true frames=true
[Architectury Transformer DEBUG] Writing kotlin/collections/ArraysKt___ArraysKt$asIterable$$inlined$Iterable$1 with maxs=true frames=true
[Architectury Transformer DEBUG] Writing kotlin/collections/ArraysKt___ArraysKt$asIterable$$inlined$Iterable$2 with maxs=true frames=true
[Architectury Transformer DEBUG] Writing kotlin/collections/ArraysKt___ArraysKt$asIterable$$inlined$Iterable$3 with maxs=true frames=true
[Architectury Transformer DEBUG] Writing kotlin/collections/ArraysKt___ArraysKt$asIterable$$inlined$Iterable$4 with maxs=true frames=true
[Architectury Transformer DEBUG] Writing kotlin/collections/ArraysKt___ArraysKt$asIterable$$inlined$Iterable$5 with maxs=true frames=true
[Architectury Transformer DEBUG] Writing kotlin/collections/ArraysKt___ArraysKt$asIterable$$inlined$Iterable$6 with maxs=true frames=true
[Architectury Transformer DEBUG] Writing kotlin/collections/ArraysKt___ArraysKt$asIterable$$inlined$Iterable$7 with maxs=true frames=true
[Architectury Transformer DEBUG] Writing kotlin/collections/ArraysKt___ArraysKt$asIterable$$inlined$Iterable$8 with maxs=true frames=true
[Architectury Transformer DEBUG] Writing kotlin/collections/ArraysKt___ArraysKt$asIterable$$inlined$Iterable$9 with maxs=true frames=true
[Architectury Transformer DEBUG] Writing kotlin/collections/ArraysKt___ArraysKt$asSequence$$inlined$Sequence$1 with maxs=true frames=true
[Architectury Transformer DEBUG] Writing kotlin/collections/ArraysKt___ArraysKt$asSequence$$inlined$Sequence$2 with maxs=true frames=true
[Architectury Transformer DEBUG] Writing kotlin/collections/ArraysKt___ArraysKt$asSequence$$inlined$Sequence$3 with maxs=true frames=true
[Architectury Transformer DEBUG] Writing kotlin/collections/ArraysKt___ArraysKt$asSequence$$inlined$Sequence$4 with maxs=true frames=true
[Architectury Transformer DEBUG] Writing kotlin/collections/ArraysKt___ArraysKt$asSequence$$inlined$Sequence$5 with maxs=true frames=true
[Architectury Transformer DEBUG] Writing kotlin/collections/ArraysKt___ArraysKt$asSequence$$inlined$Sequence$6 with maxs=true frames=true
[Architectury Transformer DEBUG] Writing kotlin/collections/ArraysKt___ArraysKt$asSequence$$inlined$Sequence$7 with maxs=true frames=true
[Architectury Transformer DEBUG] Writing kotlin/collections/ArraysKt___ArraysKt$asSequence$$inlined$Sequence$8 with maxs=true frames=true
[Architectury Transformer DEBUG] Writing kotlin/collections/ArraysKt___ArraysKt$asSequence$$inlined$Sequence$9 with maxs=true frames=true
[Architectury Transformer DEBUG] Writing kotlin/collections/ArraysKt___ArraysKt$groupingBy$1 with maxs=true frames=true
[Architectury Transformer DEBUG] Writing kotlin/collections/ArraysKt___ArraysKt with maxs=true frames=true
[Architectury Transformer DEBUG] Writing kotlin/collections/BooleanIterator with maxs=true frames=true
[Architectury Transformer DEBUG] Writing kotlin/collections/ByteIterator with maxs=true frames=true
[Architectury Transformer DEBUG] Writing kotlin/collections/CharIterator with maxs=true frames=true
[Architectury Transformer DEBUG] Writing kotlin/collections/CollectionsKt with maxs=true frames=true
[Architectury Transformer DEBUG] Writing kotlin/collections/CollectionsKt__CollectionsJVMKt with maxs=true frames=true
[Architectury Transformer DEBUG] Writing kotlin/collections/CollectionsKt__CollectionsKt$binarySearchBy$1 with maxs=true frames=true
[Architectury Transformer DEBUG] Writing kotlin/collections/CollectionsKt__CollectionsKt with maxs=true frames=true
[Architectury Transformer DEBUG] Writing kotlin/collections/CollectionsKt__IterablesKt$Iterable$1 with maxs=true frames=true
[Architectury Transformer DEBUG] Writing kotlin/collections/CollectionsKt__IterablesKt with maxs=true frames=true
[Architectury Transformer DEBUG] Writing kotlin/collections/CollectionsKt__IteratorsJVMKt$iterator$1 with maxs=true frames=true
[Architectury Transformer DEBUG] Writing kotlin/collections/CollectionsKt__IteratorsJVMKt with maxs=true frames=true
[Architectury Transformer DEBUG] Writing kotlin/collections/CollectionsKt__IteratorsKt with maxs=true frames=true
[Architectury Transformer DEBUG] Writing kotlin/collections/CollectionsKt__MutableCollectionsJVMKt with maxs=true frames=true
[Architectury Transformer DEBUG] Writing kotlin/collections/CollectionsKt__MutableCollectionsKt with maxs=true frames=true
[Architectury Transformer DEBUG] Writing kotlin/collections/CollectionsKt__ReversedViewsKt with maxs=true frames=true
[Architectury Transformer DEBUG] Writing kotlin/collections/CollectionsKt___CollectionsJvmKt with maxs=true frames=true
[Architectury Transformer DEBUG] Writing kotlin/collections/CollectionsKt___CollectionsKt$asSequence$$inlined$Sequence$1 with maxs=true frames=true
[Architectury Transformer DEBUG] Writing kotlin/collections/CollectionsKt___CollectionsKt$groupingBy$1 with maxs=true frames=true
[Architectury Transformer DEBUG] Writing kotlin/collections/CollectionsKt___CollectionsKt with maxs=true frames=true
[Architectury Transformer DEBUG] Writing kotlin/collections/DoubleIterator with maxs=true frames=true
[Architectury Transformer DEBUG] Writing kotlin/collections/EmptyIterator with maxs=true frames=true
[Architectury Transformer DEBUG] Writing kotlin/collections/EmptyList with maxs=true frames=true
[Architectury Transformer DEBUG] Writing kotlin/collections/EmptyMap with maxs=true frames=true
[Architectury Transformer DEBUG] Writing kotlin/collections/EmptySet with maxs=true frames=true
[Architectury Transformer DEBUG] Writing kotlin/collections/FloatIterator with maxs=true frames=true
[Architectury Transformer DEBUG] Writing kotlin/collections/Grouping with maxs=true frames=true
[Architectury Transformer DEBUG] Writing kotlin/collections/GroupingKt with maxs=true frames=true
[Architectury Transformer DEBUG] Writing kotlin/collections/GroupingKt__GroupingJVMKt with maxs=true frames=true
[Architectury Transformer DEBUG] Writing kotlin/collections/GroupingKt__GroupingKt with maxs=true frames=true
[Architectury Transformer DEBUG] Writing kotlin/collections/IndexedValue with maxs=true frames=true
[Architectury Transformer DEBUG] Writing kotlin/collections/IndexingIterable with maxs=true frames=true
[Architectury Transformer DEBUG] Writing kotlin/collections/IndexingIterator with maxs=true frames=true
[Architectury Transformer DEBUG] Writing kotlin/collections/IntIterator with maxs=true frames=true
[Architectury Transformer DEBUG] Writing kotlin/collections/LongIterator with maxs=true frames=true
[Architectury Transformer DEBUG] Writing kotlin/collections/MapAccessorsKt with maxs=true frames=true
[Architectury Transformer DEBUG] Writing kotlin/collections/MapWithDefault with maxs=true frames=true
[Architectury Transformer DEBUG] Writing kotlin/collections/MapWithDefaultImpl with maxs=true frames=true
[Architectury Transformer DEBUG] Writing kotlin/collections/MapsKt with maxs=true frames=true
[Architectury Transformer DEBUG] Writing kotlin/collections/MapsKt__MapWithDefaultKt with maxs=true frames=true
[Architectury Transformer DEBUG] Writing kotlin/collections/MapsKt__MapsJVMKt with maxs=true frames=true
[Architectury Transformer DEBUG] Writing kotlin/collections/MapsKt__MapsKt with maxs=true frames=true
[Architectury Transformer DEBUG] Writing kotlin/collections/MapsKt___MapsJvmKt with maxs=true frames=true
[Architectury Transformer DEBUG] Writing kotlin/collections/MapsKt___MapsKt with maxs=true frames=true
[Architectury Transformer DEBUG] Writing kotlin/collections/MovingSubList with maxs=true frames=true
[Architectury Transformer DEBUG] Writing kotlin/collections/MutableMapWithDefault with maxs=true frames=true
[Architectury Transformer DEBUG] Writing kotlin/collections/MutableMapWithDefaultImpl with maxs=true frames=true
[Architectury Transformer DEBUG] Writing kotlin/collections/ReversedList$listIterator$1 with maxs=true frames=true
[Architectury Transformer DEBUG] Writing kotlin/collections/ReversedList with maxs=true frames=true
[Architectury Transformer DEBUG] Writing kotlin/collections/ReversedListReadOnly$listIterator$1 with maxs=true frames=true
[Architectury Transformer DEBUG] Writing kotlin/collections/ReversedListReadOnly with maxs=true frames=true
[Architectury Transformer DEBUG] Writing kotlin/collections/RingBuffer$iterator$1 with maxs=true frames=true
[Architectury Transformer DEBUG] Writing kotlin/collections/RingBuffer with maxs=true frames=true
[Architectury Transformer DEBUG] Writing kotlin/collections/SetsKt with maxs=true frames=true
[Architectury Transformer DEBUG] Writing kotlin/collections/SetsKt__SetsJVMKt with maxs=true frames=true
[Architectury Transformer DEBUG] Writing kotlin/collections/SetsKt__SetsKt with maxs=true frames=true
[Architectury Transformer DEBUG] Writing kotlin/collections/SetsKt___SetsKt with maxs=true frames=true
[Architectury Transformer DEBUG] Writing kotlin/collections/ShortIterator with maxs=true frames=true
[Architectury Transformer DEBUG] Writing kotlin/collections/SlidingWindowKt$windowedIterator$1 with maxs=true frames=true
[Architectury Transformer DEBUG] Writing kotlin/collections/SlidingWindowKt$windowedSequence$$inlined$Sequence$1 with maxs=true frames=true
[Architectury Transformer DEBUG] Writing kotlin/collections/SlidingWindowKt with maxs=true frames=true
[Architectury Transformer DEBUG] Writing kotlin/collections/State with maxs=true frames=true
[Architectury Transformer DEBUG] Writing kotlin/collections/TypeAliasesKt with maxs=true frames=true
[Architectury Transformer DEBUG] Writing kotlin/collections/UArraySortingKt with maxs=true frames=true
[Architectury Transformer DEBUG] Writing kotlin/collections/UCollectionsKt with maxs=true frames=true
[Architectury Transformer DEBUG] Writing kotlin/collections/UCollectionsKt___UCollectionsKt with maxs=true frames=true
[Architectury Transformer DEBUG] Writing kotlin/collections/builders/AbstractMapBuilderEntrySet with maxs=true frames=true
[Architectury Transformer DEBUG] Writing kotlin/collections/builders/ListBuilder$BuilderSubList$Itr with maxs=true frames=true
[Architectury Transformer DEBUG] Writing kotlin/collections/builders/ListBuilder$BuilderSubList with maxs=true frames=true
[Architectury Transformer DEBUG] Writing kotlin/collections/builders/ListBuilder$Companion with maxs=true frames=true
[Architectury Transformer DEBUG] Writing kotlin/collections/builders/ListBuilder$Itr with maxs=true frames=true
[Architectury Transformer DEBUG] Writing kotlin/collections/builders/ListBuilder with maxs=true frames=true
[Architectury Transformer DEBUG] Writing kotlin/collections/builders/ListBuilderKt with maxs=true frames=true
[Architectury Transformer DEBUG] Writing kotlin/collections/builders/MapBuilder$Companion with maxs=true frames=true
[Architectury Transformer DEBUG] Writing kotlin/collections/builders/MapBuilder$EntriesItr with maxs=true frames=true
[Architectury Transformer DEBUG] Writing kotlin/collections/builders/MapBuilder$EntryRef with maxs=true frames=true
[Architectury Transformer DEBUG] Writing kotlin/collections/builders/MapBuilder$Itr with maxs=true frames=true
[Architectury Transformer DEBUG] Writing kotlin/collections/builders/MapBuilder$KeysItr with maxs=true frames=true
[Architectury Transformer DEBUG] Writing kotlin/collections/builders/MapBuilder$ValuesItr with maxs=true frames=true
[Architectury Transformer DEBUG] Writing kotlin/collections/builders/MapBuilder with maxs=true frames=true
[Architectury Transformer DEBUG] Writing kotlin/collections/builders/MapBuilderEntries with maxs=true frames=true
[Architectury Transformer DEBUG] Writing kotlin/collections/builders/MapBuilderKeys with maxs=true frames=true
[Architectury Transformer DEBUG] Writing kotlin/collections/builders/MapBuilderValues with maxs=true frames=true
[Architectury Transformer DEBUG] Writing kotlin/collections/builders/SerializedCollection$Companion with maxs=true frames=true
[Architectury Transformer DEBUG] Writing kotlin/collections/builders/SerializedCollection with maxs=true frames=true
[Architectury Transformer DEBUG] Writing kotlin/collections/builders/SerializedMap$Companion with maxs=true frames=true
[Architectury Transformer DEBUG] Writing kotlin/collections/builders/SerializedMap with maxs=true frames=true
[Architectury Transformer DEBUG] Writing kotlin/collections/builders/SetBuilder$Companion with maxs=true frames=true
[Architectury Transformer DEBUG] Writing kotlin/collections/builders/SetBuilder with maxs=true frames=true
[Architectury Transformer DEBUG] Writing kotlin/collections/unsigned/UArraysKt with maxs=true frames=true
[Architectury Transformer DEBUG] Writing kotlin/collections/unsigned/UArraysKt___UArraysJvmKt$asList$1 with maxs=true frames=true
[Architectury Transformer DEBUG] Writing kotlin/collections/unsigned/UArraysKt___UArraysJvmKt$asList$2 with maxs=true frames=true
[Architectury Transformer DEBUG] Writing kotlin/collections/unsigned/UArraysKt___UArraysJvmKt$asList$3 with maxs=true frames=true
[Architectury Transformer DEBUG] Writing kotlin/collections/unsigned/UArraysKt___UArraysJvmKt$asList$4 with maxs=true frames=true
[Architectury Transformer DEBUG] Writing kotlin/collections/unsigned/UArraysKt___UArraysJvmKt with maxs=true frames=true
[Architectury Transformer DEBUG] Writing kotlin/collections/unsigned/UArraysKt___UArraysKt with maxs=true frames=true
[Architectury Transformer DEBUG] Writing kotlin/collections/ArraysUtilJVM with maxs=true frames=true
[Architectury Transformer DEBUG] Writing kotlin/collections/jdk8/CollectionsJDK8Kt with maxs=true frames=true
[Architectury Transformer DEBUG] Writing kotlin/comparisons/ComparisonsKt with maxs=true frames=true
[Architectury Transformer DEBUG] Writing kotlin/comparisons/ComparisonsKt__ComparisonsKt$compareBy$2 with maxs=true frames=true
[Architectury Transformer DEBUG] Writing kotlin/comparisons/ComparisonsKt__ComparisonsKt$compareBy$3 with maxs=true frames=true
[Architectury Transformer DEBUG] Writing kotlin/comparisons/ComparisonsKt__ComparisonsKt$compareByDescending$1 with maxs=true frames=true
[Architectury Transformer DEBUG] Writing kotlin/comparisons/ComparisonsKt__ComparisonsKt$compareByDescending$2 with maxs=true frames=true
[Architectury Transformer DEBUG] Writing kotlin/comparisons/ComparisonsKt__ComparisonsKt$thenBy$1 with maxs=true frames=true
[Architectury Transformer DEBUG] Writing kotlin/comparisons/ComparisonsKt__ComparisonsKt$thenBy$2 with maxs=true frames=true
[Architectury Transformer DEBUG] Writing kotlin/comparisons/ComparisonsKt__ComparisonsKt$thenByDescending$1 with maxs=true frames=true
[Architectury Transformer DEBUG] Writing kotlin/comparisons/ComparisonsKt__ComparisonsKt$thenByDescending$2 with maxs=true frames=true
[Architectury Transformer DEBUG] Writing kotlin/comparisons/ComparisonsKt__ComparisonsKt$thenComparator$1 with maxs=true frames=true
[Architectury Transformer DEBUG] Writing kotlin/comparisons/ComparisonsKt__ComparisonsKt with maxs=true frames=true
[Architectury Transformer DEBUG] Writing kotlin/comparisons/ComparisonsKt___ComparisonsJvmKt with maxs=true frames=true
[Architectury Transformer DEBUG] Writing kotlin/comparisons/ComparisonsKt___ComparisonsKt with maxs=true frames=true
[Architectury Transformer DEBUG] Writing kotlin/comparisons/NaturalOrderComparator with maxs=true frames=true
[Architectury Transformer DEBUG] Writing kotlin/comparisons/ReverseOrderComparator with maxs=true frames=true
[Architectury Transformer DEBUG] Writing kotlin/comparisons/ReversedComparator with maxs=true frames=true
[Architectury Transformer DEBUG] Writing kotlin/comparisons/UComparisonsKt with maxs=true frames=true
[Architectury Transformer DEBUG] Writing kotlin/comparisons/UComparisonsKt___UComparisonsKt with maxs=true frames=true
[Architectury Transformer DEBUG] Writing kotlin/concurrent/LocksKt with maxs=true frames=true
[Architectury Transformer DEBUG] Writing kotlin/concurrent/ThreadsKt$thread$thread$1 with maxs=true frames=true
[Architectury Transformer DEBUG] Writing kotlin/concurrent/ThreadsKt with maxs=true frames=true
[Architectury Transformer DEBUG] Writing kotlin/concurrent/TimersKt$timerTask$1 with maxs=true frames=true
[Architectury Transformer DEBUG] Writing kotlin/concurrent/TimersKt with maxs=true frames=true
[Architectury Transformer DEBUG] Writing kotlin/concurrent/VolatileKt with maxs=true frames=true
[Architectury Transformer DEBUG] Writing kotlin/concurrent/atomics/AtomicArraysKt with maxs=true frames=true
[Architectury Transformer DEBUG] Writing kotlin/concurrent/atomics/AtomicArraysKt__AtomicArrays_commonKt with maxs=true frames=true
[Architectury Transformer DEBUG] Writing kotlin/concurrent/atomics/AtomicArraysKt__AtomicArrays_jvmKt with maxs=true frames=true
[Architectury Transformer DEBUG] Writing kotlin/concurrent/atomics/AtomicsKt with maxs=true frames=true
[Architectury Transformer DEBUG] Writing kotlin/concurrent/atomics/AtomicsKt__Atomics_commonKt with maxs=true frames=true
[Architectury Transformer DEBUG] Writing kotlin/concurrent/atomics/AtomicsKt__Atomics_jvmKt with maxs=true frames=true
[Architectury Transformer DEBUG] Writing kotlin/concurrent/atomics/ExperimentalAtomicApi with maxs=true frames=true
[Architectury Transformer DEBUG] Writing kotlin/concurrent/internal/AtomicIntrinsicsKt with maxs=true frames=true
[Architectury Transformer DEBUG] Writing kotlin/contracts/CallsInPlace with maxs=true frames=true
[Architectury Transformer DEBUG] Writing kotlin/contracts/ConditionalEffect with maxs=true frames=true
[Architectury Transformer DEBUG] Writing kotlin/contracts/ContractBuilder$DefaultImpls with maxs=true frames=true
[Architectury Transformer DEBUG] Writing kotlin/contracts/ContractBuilder with maxs=true frames=true
[Architectury Transformer DEBUG] Writing kotlin/contracts/ContractBuilderKt with maxs=true frames=true
[Architectury Transformer DEBUG] Writing kotlin/contracts/Effect with maxs=true frames=true
[Architectury Transformer DEBUG] Writing kotlin/contracts/ExperimentalContracts with maxs=true frames=true
[Architectury Transformer DEBUG] Writing kotlin/contracts/ExperimentalExtendedContracts with maxs=true frames=true
[Architectury Transformer DEBUG] Writing kotlin/contracts/HoldsIn with maxs=true frames=true
[Architectury Transformer DEBUG] Writing kotlin/contracts/InvocationKind with maxs=true frames=true
[Architectury Transformer DEBUG] Writing kotlin/contracts/Returns with maxs=true frames=true
[Architectury Transformer DEBUG] Writing kotlin/contracts/ReturnsNotNull with maxs=true frames=true
[Architectury Transformer DEBUG] Writing kotlin/contracts/SimpleEffect with maxs=true frames=true
[Architectury Transformer DEBUG] Writing kotlin/coroutines/AbstractCoroutineContextElement with maxs=true frames=true
[Architectury Transformer DEBUG] Writing kotlin/coroutines/AbstractCoroutineContextKey with maxs=true frames=true
[Architectury Transformer DEBUG] Writing kotlin/coroutines/CombinedContext$Serialized$Companion with maxs=true frames=true
[Architectury Transformer DEBUG] Writing kotlin/coroutines/CombinedContext$Serialized with maxs=true frames=true
[Architectury Transformer DEBUG] Writing kotlin/coroutines/CombinedContext with maxs=true frames=true
[Architectury Transformer DEBUG] Writing kotlin/coroutines/Continuation with maxs=true frames=true
[Architectury Transformer DEBUG] Writing kotlin/coroutines/ContinuationInterceptor$DefaultImpls with maxs=true frames=true
[Architectury Transformer DEBUG] Writing kotlin/coroutines/ContinuationInterceptor$Key with maxs=true frames=true
[Architectury Transformer DEBUG] Writing kotlin/coroutines/ContinuationInterceptor with maxs=true frames=true
[Architectury Transformer DEBUG] Writing kotlin/coroutines/ContinuationKt$Continuation$1 with maxs=true frames=true
[Architectury Transformer DEBUG] Writing kotlin/coroutines/ContinuationKt with maxs=true frames=true
[Architectury Transformer DEBUG] Writing kotlin/coroutines/CoroutineContext$DefaultImpls with maxs=true frames=true
[Architectury Transformer DEBUG] Writing kotlin/coroutines/CoroutineContext$Element$DefaultImpls with maxs=true frames=true
[Architectury Transformer DEBUG] Writing kotlin/coroutines/CoroutineContext$Element with maxs=true frames=true
[Architectury Transformer DEBUG] Writing kotlin/coroutines/CoroutineContext$Key with maxs=true frames=true
[Architectury Transformer DEBUG] Writing kotlin/coroutines/CoroutineContext with maxs=true frames=true
[Architectury Transformer DEBUG] Writing kotlin/coroutines/CoroutineContextImplKt with maxs=true frames=true
[Architectury Transformer DEBUG] Writing kotlin/coroutines/EmptyCoroutineContext with maxs=true frames=true
[Architectury Transformer DEBUG] Writing kotlin/coroutines/RestrictsSuspension with maxs=true frames=true
[Architectury Transformer DEBUG] Writing kotlin/coroutines/SafeContinuation$Companion with maxs=true frames=true
[Architectury Transformer DEBUG] Writing kotlin/coroutines/SafeContinuation with maxs=true frames=true
[Architectury Transformer DEBUG] Writing kotlin/coroutines/cancellation/CancellationExceptionKt with maxs=true frames=true
[Architectury Transformer DEBUG] Writing kotlin/coroutines/intrinsics/CoroutineSingletons with maxs=true frames=true
[Architectury Transformer DEBUG] Writing kotlin/coroutines/intrinsics/IntrinsicsKt with maxs=true frames=true
[Architectury Transformer DEBUG] Writing kotlin/coroutines/intrinsics/IntrinsicsKt__IntrinsicsJvmKt$createCoroutineFromSuspendFunction$1 with maxs=true frames=true
[Architectury Transformer DEBUG] Writing kotlin/coroutines/intrinsics/IntrinsicsKt__IntrinsicsJvmKt$createCoroutineFromSuspendFunction$2 with maxs=true frames=true
[Architectury Transformer DEBUG] Writing kotlin/coroutines/intrinsics/IntrinsicsKt__IntrinsicsJvmKt$createCoroutineUnintercepted$$inlined$createCoroutineFromSuspendFunction$IntrinsicsKt__IntrinsicsJvmKt$1 with maxs=true frames=true
[Architectury Transformer DEBUG] Writing kotlin/coroutines/intrinsics/IntrinsicsKt__IntrinsicsJvmKt$createCoroutineUnintercepted$$inlined$createCoroutineFromSuspendFunction$IntrinsicsKt__IntrinsicsJvmKt$2 with maxs=true frames=true
[Architectury Transformer DEBUG] Writing kotlin/coroutines/intrinsics/IntrinsicsKt__IntrinsicsJvmKt$createCoroutineUnintercepted$$inlined$createCoroutineFromSuspendFunction$IntrinsicsKt__IntrinsicsJvmKt$3 with maxs=true frames=true
[Architectury Transformer DEBUG] Writing kotlin/coroutines/intrinsics/IntrinsicsKt__IntrinsicsJvmKt$createCoroutineUnintercepted$$inlined$createCoroutineFromSuspendFunction$IntrinsicsKt__IntrinsicsJvmKt$4 with maxs=true frames=true
[Architectury Transformer DEBUG] Writing kotlin/coroutines/intrinsics/IntrinsicsKt__IntrinsicsJvmKt$createSimpleCoroutineForSuspendFunction$1 with maxs=true frames=true
[Architectury Transformer DEBUG] Writing kotlin/coroutines/intrinsics/IntrinsicsKt__IntrinsicsJvmKt$createSimpleCoroutineForSuspendFunction$2 with maxs=true frames=true
[Architectury Transformer DEBUG] Writing kotlin/coroutines/intrinsics/IntrinsicsKt__IntrinsicsJvmKt with maxs=true frames=true
[Architectury Transformer DEBUG] Writing kotlin/coroutines/intrinsics/IntrinsicsKt__IntrinsicsKt with maxs=true frames=true
[Architectury Transformer DEBUG] Writing kotlin/coroutines/jvm/internal/BaseContinuationImpl with maxs=true frames=true
[Architectury Transformer DEBUG] Writing kotlin/coroutines/jvm/internal/Boxing with maxs=true frames=true
[Architectury Transformer DEBUG] Writing kotlin/coroutines/jvm/internal/CompletedContinuation with maxs=true frames=true
[Architectury Transformer DEBUG] Writing kotlin/coroutines/jvm/internal/ContinuationImpl with maxs=true frames=true
[Architectury Transformer DEBUG] Writing kotlin/coroutines/jvm/internal/CoroutineStackFrame with maxs=true frames=true
[Architectury Transformer DEBUG] Writing kotlin/coroutines/jvm/internal/DebugMetadata$DefaultImpls with maxs=true frames=true
[Architectury Transformer DEBUG] Writing kotlin/coroutines/jvm/internal/DebugMetadata with maxs=true frames=true
[Architectury Transformer DEBUG] Writing kotlin/coroutines/jvm/internal/DebugMetadataKt with maxs=true frames=true
[Architectury Transformer DEBUG] Writing kotlin/coroutines/jvm/internal/DebugProbesKt with maxs=true frames=true
[Architectury Transformer DEBUG] Writing kotlin/coroutines/jvm/internal/GeneratedCodeMarkers with maxs=true frames=true
[Architectury Transformer DEBUG] Writing kotlin/coroutines/jvm/internal/ModuleNameRetriever$Cache with maxs=true frames=true
[Architectury Transformer DEBUG] Writing kotlin/coroutines/jvm/internal/ModuleNameRetriever with maxs=true frames=true
[Architectury Transformer DEBUG] Writing kotlin/coroutines/jvm/internal/RestrictedContinuationImpl with maxs=true frames=true
[Architectury Transformer DEBUG] Writing kotlin/coroutines/jvm/internal/RestrictedSuspendLambda with maxs=true frames=true
[Architectury Transformer DEBUG] Writing kotlin/coroutines/jvm/internal/RunSuspend with maxs=true frames=true
[Architectury Transformer DEBUG] Writing kotlin/coroutines/jvm/internal/RunSuspendKt with maxs=true frames=true
[Architectury Transformer DEBUG] Writing kotlin/coroutines/jvm/internal/SpillingKt with maxs=true frames=true
[Architectury Transformer DEBUG] Writing kotlin/coroutines/jvm/internal/SuspendFunction with maxs=true frames=true
[Architectury Transformer DEBUG] Writing kotlin/coroutines/jvm/internal/SuspendLambda with maxs=true frames=true
[Architectury Transformer DEBUG] Writing kotlin/enums/EnumEntries with maxs=true frames=true
[Architectury Transformer DEBUG] Writing kotlin/enums/EnumEntriesJVMKt with maxs=true frames=true
[Architectury Transformer DEBUG] Writing kotlin/enums/EnumEntriesKt with maxs=true frames=true
[Architectury Transformer DEBUG] Writing kotlin/enums/EnumEntriesList with maxs=true frames=true
[Architectury Transformer DEBUG] Writing kotlin/enums/EnumEntriesSerializationProxy$Companion with maxs=true frames=true
[Architectury Transformer DEBUG] Writing kotlin/enums/EnumEntriesSerializationProxy with maxs=true frames=true
[Architectury Transformer DEBUG] Writing kotlin/experimental/BitwiseOperationsKt with maxs=true frames=true
[Architectury Transformer DEBUG] Writing kotlin/experimental/ExpectRefinement with maxs=true frames=true
[Architectury Transformer DEBUG] Writing kotlin/experimental/ExperimentalNativeApi with maxs=true frames=true
[Architectury Transformer DEBUG] Writing kotlin/experimental/ExperimentalObjCName with maxs=true frames=true
[Architectury Transformer DEBUG] Writing kotlin/experimental/ExperimentalObjCRefinement with maxs=true frames=true
[Architectury Transformer DEBUG] Writing kotlin/experimental/ExperimentalTypeInference with maxs=true frames=true
[Architectury Transformer DEBUG] Writing kotlin/internal/AccessibleLateinitPropertyLiteral with maxs=true frames=true
[Architectury Transformer DEBUG] Writing kotlin/internal/ContractsDsl with maxs=true frames=true
[Architectury Transformer DEBUG] Writing kotlin/internal/DynamicExtension with maxs=true frames=true
[Architectury Transformer DEBUG] Writing kotlin/internal/Exact with maxs=true frames=true
[Architectury Transformer DEBUG] Writing kotlin/internal/HidesMembers with maxs=true frames=true
[Architectury Transformer DEBUG] Writing kotlin/internal/InlineOnly with maxs=true frames=true
[Architectury Transformer DEBUG] Writing kotlin/internal/IntrinsicConstEvaluation with maxs=true frames=true
[Architectury Transformer DEBUG] Writing kotlin/internal/JvmBuiltin with maxs=true frames=true
[Architectury Transformer DEBUG] Writing kotlin/internal/LowPriorityInOverloadResolution with maxs=true frames=true
[Architectury Transformer DEBUG] Writing kotlin/internal/NoInfer with maxs=true frames=true
[Architectury Transformer DEBUG] Writing kotlin/internal/OnlyInputTypes with maxs=true frames=true
[Architectury Transformer DEBUG] Writing kotlin/internal/PlatformDependent with maxs=true frames=true
[Architectury Transformer DEBUG] Writing kotlin/internal/PlatformImplementations$ReflectThrowable with maxs=true frames=true
[Architectury Transformer DEBUG] Writing kotlin/internal/PlatformImplementations with maxs=true frames=true
[Architectury Transformer DEBUG] Writing kotlin/internal/PlatformImplementationsKt with maxs=true frames=true
[Architectury Transformer DEBUG] Writing kotlin/internal/ProgressionUtilKt with maxs=true frames=true
[Architectury Transformer DEBUG] Writing kotlin/internal/PureReifiable with maxs=true frames=true
[Architectury Transformer DEBUG] Writing kotlin/internal/RequireKotlin$Container with maxs=true frames=true
[Architectury Transformer DEBUG] Writing kotlin/internal/RequireKotlin with maxs=true frames=true
[Architectury Transformer DEBUG] Writing kotlin/internal/RequireKotlinVersionKind with maxs=true frames=true
[Architectury Transformer DEBUG] Writing kotlin/internal/SerializationUtilKt with maxs=true frames=true
[Architectury Transformer DEBUG] Writing kotlin/internal/SuppressBytecodeGeneration with maxs=true frames=true
[Architectury Transformer DEBUG] Writing kotlin/internal/UProgressionUtilKt with maxs=true frames=true
[Architectury Transformer DEBUG] Writing kotlin/internal/jdk7/JDK7PlatformImplementations$ReflectSdkVersion with maxs=true frames=true
[Architectury Transformer DEBUG] Writing kotlin/internal/jdk7/JDK7PlatformImplementations with maxs=true frames=true
[Architectury Transformer DEBUG] Writing kotlin/internal/jdk8/JDK8PlatformImplementations$ReflectSdkVersion with maxs=true frames=true
[Architectury Transformer DEBUG] Writing kotlin/internal/jdk8/JDK8PlatformImplementations$getSystemClock$1 with maxs=true frames=true
[Architectury Transformer DEBUG] Writing kotlin/internal/jdk8/JDK8PlatformImplementations$getSystemClock$2 with maxs=true frames=true
[Architectury Transformer DEBUG] Writing kotlin/internal/jdk8/JDK8PlatformImplementations with maxs=true frames=true
[Architectury Transformer DEBUG] Writing kotlin/io/AccessDeniedException with maxs=true frames=true
[Architectury Transformer DEBUG] Writing kotlin/io/ByteStreamsKt$iterator$1 with maxs=true frames=true
[Architectury Transformer DEBUG] Writing kotlin/io/ByteStreamsKt with maxs=true frames=true
[Architectury Transformer DEBUG] Writing kotlin/io/CloseableKt with maxs=true frames=true
[Architectury Transformer DEBUG] Writing kotlin/io/ConsoleKt with maxs=true frames=true
[Architectury Transformer DEBUG] Writing kotlin/io/ConstantsKt with maxs=true frames=true
[Architectury Transformer DEBUG] Writing kotlin/io/ExceptionsKt with maxs=true frames=true
[Architectury Transformer DEBUG] Writing kotlin/io/ExposingBufferByteArrayOutputStream with maxs=true frames=true
[Architectury Transformer DEBUG] Writing kotlin/io/FileAlreadyExistsException with maxs=true frames=true
[Architectury Transformer DEBUG] Writing kotlin/io/FilePathComponents with maxs=true frames=true
[Architectury Transformer DEBUG] Writing kotlin/io/FileSystemException with maxs=true frames=true
[Architectury Transformer DEBUG] Writing kotlin/io/FileTreeWalk$DirectoryState with maxs=true frames=true
[Architectury Transformer DEBUG] Writing kotlin/io/FileTreeWalk$FileTreeWalkIterator$BottomUpDirectoryState with maxs=true frames=true
[Architectury Transformer DEBUG] Writing kotlin/io/FileTreeWalk$FileTreeWalkIterator$SingleFileState with maxs=true frames=true
[Architectury Transformer DEBUG] Writing kotlin/io/FileTreeWalk$FileTreeWalkIterator$TopDownDirectoryState with maxs=true frames=true
[Architectury Transformer DEBUG] Writing kotlin/io/FileTreeWalk$FileTreeWalkIterator$WhenMappings with maxs=true frames=true
[Architectury Transformer DEBUG] Writing kotlin/io/FileTreeWalk$FileTreeWalkIterator with maxs=true frames=true
[Architectury Transformer DEBUG] Writing kotlin/io/FileTreeWalk$WalkState with maxs=true frames=true
[Architectury Transformer DEBUG] Writing kotlin/io/FileTreeWalk with maxs=true frames=true
[Architectury Transformer DEBUG] Writing kotlin/io/FileWalkDirection with maxs=true frames=true
[Architectury Transformer DEBUG] Writing kotlin/io/FilesKt with maxs=true frames=true
[Architectury Transformer DEBUG] Writing kotlin/io/FilesKt__FilePathComponentsKt with maxs=true frames=true
[Architectury Transformer DEBUG] Writing kotlin/io/FilesKt__FileReadWriteKt with maxs=true frames=true
[Architectury Transformer DEBUG] Writing kotlin/io/FilesKt__FileTreeWalkKt with maxs=true frames=true
[Architectury Transformer DEBUG] Writing kotlin/io/FilesKt__UtilsKt$copyRecursively$1 with maxs=true frames=true
[Architectury Transformer DEBUG] Writing kotlin/io/FilesKt__UtilsKt with maxs=true frames=true
[Architectury Transformer DEBUG] Writing kotlin/io/LineReader with maxs=true frames=true
[Architectury Transformer DEBUG] Writing kotlin/io/LinesSequence$iterator$1 with maxs=true frames=true
[Architectury Transformer DEBUG] Writing kotlin/io/LinesSequence with maxs=true frames=true
[Architectury Transformer DEBUG] Writing kotlin/io/NoSuchFileException with maxs=true frames=true
[Architectury Transformer DEBUG] Writing kotlin/io/OnErrorAction with maxs=true frames=true
[Architectury Transformer DEBUG] Writing kotlin/io/ReadAfterEOFException with maxs=true frames=true
[Architectury Transformer DEBUG] Writing kotlin/io/SerializableKt with maxs=true frames=true
[Architectury Transformer DEBUG] Writing kotlin/io/TerminateException with maxs=true frames=true
[Architectury Transformer DEBUG] Writing kotlin/io/TextStreamsKt with maxs=true frames=true
[Architectury Transformer DEBUG] Writing kotlin/io/encoding/Base64$Default with maxs=true frames=true
[Architectury Transformer DEBUG] Writing kotlin/io/encoding/Base64$PaddingOption with maxs=true frames=true
[Architectury Transformer DEBUG] Writing kotlin/io/encoding/Base64 with maxs=true frames=true
[Architectury Transformer DEBUG] Writing kotlin/io/encoding/Base64JVMKt with maxs=true frames=true
[Architectury Transformer DEBUG] Writing kotlin/io/encoding/Base64Kt with maxs=true frames=true
[Architectury Transformer DEBUG] Writing kotlin/io/encoding/DecodeInputStream with maxs=true frames=true
[Architectury Transformer DEBUG] Writing kotlin/io/encoding/EncodeOutputStream with maxs=true frames=true
[Architectury Transformer DEBUG] Writing kotlin/io/encoding/ExperimentalEncodingApi with maxs=true frames=true
[Architectury Transformer DEBUG] Writing kotlin/io/encoding/StreamEncodingKt with maxs=true frames=true
[Architectury Transformer DEBUG] Writing kotlin/io/encoding/StreamEncodingKt__Base64IOStreamKt with maxs=true frames=true
[Architectury Transformer DEBUG] Writing kotlin/io/path/CopyActionContext with maxs=true frames=true
[Architectury Transformer DEBUG] Writing kotlin/io/path/CopyActionResult with maxs=true frames=true
[Architectury Transformer DEBUG] Writing kotlin/io/path/DefaultCopyActionContext with maxs=true frames=true
[Architectury Transformer DEBUG] Writing kotlin/io/path/DirectoryEntriesReader with maxs=true frames=true
[Architectury Transformer DEBUG] Writing kotlin/io/path/ExceptionsCollector with maxs=true frames=true
[Architectury Transformer DEBUG] Writing kotlin/io/path/ExperimentalPathApi with maxs=true frames=true
[Architectury Transformer DEBUG] Writing kotlin/io/path/FileVisitorBuilder with maxs=true frames=true
[Architectury Transformer DEBUG] Writing kotlin/io/path/FileVisitorBuilderImpl with maxs=true frames=true
[Architectury Transformer DEBUG] Writing kotlin/io/path/FileVisitorImpl with maxs=true frames=true
[Architectury Transformer DEBUG] Writing kotlin/io/path/IllegalFileNameException with maxs=true frames=true
[Architectury Transformer DEBUG] Writing kotlin/io/path/LinkFollowing with maxs=true frames=true
[Architectury Transformer DEBUG] Writing kotlin/io/path/OnErrorResult with maxs=true frames=true
[Architectury Transformer DEBUG] Writing kotlin/io/path/PathNode with maxs=true frames=true
[Architectury Transformer DEBUG] Writing kotlin/io/path/PathRelativizer with maxs=true frames=true
[Architectury Transformer DEBUG] Writing kotlin/io/path/PathTreeWalk$bfsIterator$1 with maxs=true frames=true
[Architectury Transformer DEBUG] Writing kotlin/io/path/PathTreeWalk$dfsIterator$1 with maxs=true frames=true
[Architectury Transformer DEBUG] Writing kotlin/io/path/PathTreeWalk with maxs=true frames=true
[Architectury Transformer DEBUG] Writing kotlin/io/path/PathTreeWalkKt with maxs=true frames=true
[Architectury Transformer DEBUG] Writing kotlin/io/path/PathWalkOption with maxs=true frames=true
[Architectury Transformer DEBUG] Writing kotlin/io/path/PathsKt with maxs=true frames=true
[Architectury Transformer DEBUG] Writing kotlin/io/path/PathsKt__PathReadWriteKt with maxs=true frames=true
[Architectury Transformer DEBUG] Writing kotlin/io/path/PathsKt__PathRecursiveFunctionsKt$WhenMappings with maxs=true frames=true
[Architectury Transformer DEBUG] Writing kotlin/io/path/PathsKt__PathRecursiveFunctionsKt$copyToRecursively$1 with maxs=true frames=true
[Architectury Transformer DEBUG] Writing kotlin/io/path/PathsKt__PathRecursiveFunctionsKt$copyToRecursively$3 with maxs=true frames=true
[Architectury Transformer DEBUG] Writing kotlin/io/path/PathsKt__PathRecursiveFunctionsKt$copyToRecursively$5$2 with maxs=true frames=true
[Architectury Transformer DEBUG] Writing kotlin/io/path/PathsKt__PathRecursiveFunctionsKt$copyToRecursively$5$3 with maxs=true frames=true
[Architectury Transformer DEBUG] Writing kotlin/io/path/PathsKt__PathRecursiveFunctionsKt with maxs=true frames=true
[Architectury Transformer DEBUG] Writing kotlin/io/path/PathsKt__PathUtilsKt with maxs=true frames=true
[Architectury Transformer DEBUG] Writing kotlin/jdk7/AutoCloseableKt$AutoCloseable$1 with maxs=true frames=true
[Architectury Transformer DEBUG] Writing kotlin/jdk7/AutoCloseableKt with maxs=true frames=true
[Architectury Transformer DEBUG] Writing kotlin/js/ExperimentalJsCollectionsApi with maxs=true frames=true
[Architectury Transformer DEBUG] Writing kotlin/js/ExperimentalJsExport with maxs=true frames=true
[Architectury Transformer DEBUG] Writing kotlin/js/ExperimentalJsFileName with maxs=true frames=true
[Architectury Transformer DEBUG] Writing kotlin/js/ExperimentalJsReflectionCreateInstance with maxs=true frames=true
[Architectury Transformer DEBUG] Writing kotlin/js/ExperimentalJsStatic with maxs=true frames=true
[Architectury Transformer DEBUG] Writing kotlin/jvm/ImplicitlyActualizedByJvmDeclaration with maxs=true frames=true
[Architectury Transformer DEBUG] Writing kotlin/jvm/JvmClassMappingKt with maxs=true frames=true
[Architectury Transformer DEBUG] Writing kotlin/jvm/JvmDefault with maxs=true frames=true
[Architectury Transformer DEBUG] Writing kotlin/jvm/JvmDefaultWithCompatibility with maxs=true frames=true
[Architectury Transformer DEBUG] Writing kotlin/jvm/JvmDefaultWithoutCompatibility with maxs=true frames=true
[Architectury Transformer DEBUG] Writing kotlin/jvm/JvmExposeBoxed with maxs=true frames=true
[Architectury Transformer DEBUG] Writing kotlin/jvm/JvmField with maxs=true frames=true
[Architectury Transformer DEBUG] Writing kotlin/jvm/JvmInline with maxs=true frames=true
[Architectury Transformer DEBUG] Writing kotlin/jvm/JvmMultifileClass with maxs=true frames=true
[Architectury Transformer DEBUG] Writing kotlin/jvm/JvmName with maxs=true frames=true
[Architectury Transformer DEBUG] Writing kotlin/jvm/JvmOverloads with maxs=true frames=true
[Architectury Transformer DEBUG] Writing kotlin/jvm/JvmPackageName with maxs=true frames=true
[Architectury Transformer DEBUG] Writing kotlin/jvm/JvmRecord with maxs=true frames=true
[Architectury Transformer DEBUG] Writing kotlin/jvm/JvmSerializableLambda with maxs=true frames=true
[Architectury Transformer DEBUG] Writing kotlin/jvm/JvmStatic with maxs=true frames=true
[Architectury Transformer DEBUG] Writing kotlin/jvm/JvmSuppressWildcards with maxs=true frames=true
[Architectury Transformer DEBUG] Writing kotlin/jvm/JvmSynthetic with maxs=true frames=true
[Architectury Transformer DEBUG] Writing kotlin/jvm/JvmWildcard with maxs=true frames=true
[Architectury Transformer DEBUG] Writing kotlin/jvm/KotlinReflectionNotSupportedError with maxs=true frames=true
[Architectury Transformer DEBUG] Writing kotlin/jvm/PurelyImplements with maxs=true frames=true
[Architectury Transformer DEBUG] Writing kotlin/jvm/Strictfp with maxs=true frames=true
[Architectury Transformer DEBUG] Writing kotlin/jvm/Synchronized with maxs=true frames=true
[Architectury Transformer DEBUG] Writing kotlin/jvm/Throws with maxs=true frames=true
[Architectury Transformer DEBUG] Writing kotlin/jvm/Transient with maxs=true frames=true
[Architectury Transformer DEBUG] Writing kotlin/jvm/Volatile with maxs=true frames=true
[Architectury Transformer DEBUG] Writing kotlin/jvm/functions/Function0 with maxs=true frames=true
[Architectury Transformer DEBUG] Writing kotlin/jvm/functions/Function1 with maxs=true frames=true
[Architectury Transformer DEBUG] Writing kotlin/jvm/functions/Function10 with maxs=true frames=true
[Architectury Transformer DEBUG] Writing kotlin/jvm/functions/Function11 with maxs=true frames=true
[Architectury Transformer DEBUG] Writing kotlin/jvm/functions/Function12 with maxs=true frames=true
[Architectury Transformer DEBUG] Writing kotlin/jvm/functions/Function13 with maxs=true frames=true
[Architectury Transformer DEBUG] Writing kotlin/jvm/functions/Function14 with maxs=true frames=true
[Architectury Transformer DEBUG] Writing kotlin/jvm/functions/Function15 with maxs=true frames=true
[Architectury Transformer DEBUG] Writing kotlin/jvm/functions/Function16 with maxs=true frames=true
[Architectury Transformer DEBUG] Writing kotlin/jvm/functions/Function17 with maxs=true frames=true
[Architectury Transformer DEBUG] Writing kotlin/jvm/functions/Function18 with maxs=true frames=true
[Architectury Transformer DEBUG] Writing kotlin/jvm/functions/Function19 with maxs=true frames=true
[Architectury Transformer DEBUG] Writing kotlin/jvm/functions/Function2 with maxs=true frames=true
[Architectury Transformer DEBUG] Writing kotlin/jvm/functions/Function20 with maxs=true frames=true
[Architectury Transformer DEBUG] Writing kotlin/jvm/functions/Function21 with maxs=true frames=true
[Architectury Transformer DEBUG] Writing kotlin/jvm/functions/Function22 with maxs=true frames=true
[Architectury Transformer DEBUG] Writing kotlin/jvm/functions/Function3 with maxs=true frames=true
[Architectury Transformer DEBUG] Writing kotlin/jvm/functions/Function4 with maxs=true frames=true
[Architectury Transformer DEBUG] Writing kotlin/jvm/functions/Function5 with maxs=true frames=true
[Architectury Transformer DEBUG] Writing kotlin/jvm/functions/Function6 with maxs=true frames=true
[Architectury Transformer DEBUG] Writing kotlin/jvm/functions/Function7 with maxs=true frames=true
[Architectury Transformer DEBUG] Writing kotlin/jvm/functions/Function8 with maxs=true frames=true
[Architectury Transformer DEBUG] Writing kotlin/jvm/functions/Function9 with maxs=true frames=true
[Architectury Transformer DEBUG] Writing kotlin/jvm/functions/FunctionN with maxs=true frames=true
[Architectury Transformer DEBUG] Writing kotlin/jvm/internal/ArrayBooleanIterator with maxs=true frames=true
[Architectury Transformer DEBUG] Writing kotlin/jvm/internal/ArrayByteIterator with maxs=true frames=true
[Architectury Transformer DEBUG] Writing kotlin/jvm/internal/ArrayCharIterator with maxs=true frames=true
[Architectury Transformer DEBUG] Writing kotlin/jvm/internal/ArrayDoubleIterator with maxs=true frames=true
[Architectury Transformer DEBUG] Writing kotlin/jvm/internal/ArrayFloatIterator with maxs=true frames=true
[Architectury Transformer DEBUG] Writing kotlin/jvm/internal/ArrayIntIterator with maxs=true frames=true
[Architectury Transformer DEBUG] Writing kotlin/jvm/internal/ArrayIterator with maxs=true frames=true
[Architectury Transformer DEBUG] Writing kotlin/jvm/internal/ArrayIteratorKt with maxs=true frames=true
[Architectury Transformer DEBUG] Writing kotlin/jvm/internal/ArrayIteratorsKt with maxs=true frames=true
[Architectury Transformer DEBUG] Writing kotlin/jvm/internal/ArrayLongIterator with maxs=true frames=true
[Architectury Transformer DEBUG] Writing kotlin/jvm/internal/ArrayShortIterator with maxs=true frames=true
[Architectury Transformer DEBUG] Writing kotlin/jvm/internal/BooleanCompanionObject with maxs=true frames=true
[Architectury Transformer DEBUG] Writing kotlin/jvm/internal/BooleanSpreadBuilder with maxs=true frames=true
[Architectury Transformer DEBUG] Writing kotlin/jvm/internal/BoxingConstructorMarker with maxs=true frames=true
[Architectury Transformer DEBUG] Writing kotlin/jvm/internal/ByteCompanionObject with maxs=true frames=true
[Architectury Transformer DEBUG] Writing kotlin/jvm/internal/ByteSpreadBuilder with maxs=true frames=true
[Architectury Transformer DEBUG] Writing kotlin/jvm/internal/CharCompanionObject with maxs=true frames=true
[Architectury Transformer DEBUG] Writing kotlin/jvm/internal/CharSpreadBuilder with maxs=true frames=true
[Architectury Transformer DEBUG] Writing kotlin/jvm/internal/ClassBasedDeclarationContainer with maxs=true frames=true
[Architectury Transformer DEBUG] Writing kotlin/jvm/internal/ClassReference$Companion with maxs=true frames=true
[Architectury Transformer DEBUG] Writing kotlin/jvm/internal/ClassReference with maxs=true frames=true
[Architectury Transformer DEBUG] Writing kotlin/jvm/internal/CollectionToArray with maxs=true frames=true
[Architectury Transformer DEBUG] Writing kotlin/jvm/internal/DoubleCompanionObject with maxs=true frames=true
[Architectury Transformer DEBUG] Writing kotlin/jvm/internal/DoubleSpreadBuilder with maxs=true frames=true
[Architectury Transformer DEBUG] Writing kotlin/jvm/internal/EnumCompanionObject with maxs=true frames=true
[Architectury Transformer DEBUG] Writing kotlin/jvm/internal/FloatCompanionObject with maxs=true frames=true
[Architectury Transformer DEBUG] Writing kotlin/jvm/internal/FloatSpreadBuilder with maxs=true frames=true
[Architectury Transformer DEBUG] Writing kotlin/jvm/internal/FunctionBase with maxs=true frames=true
[Architectury Transformer DEBUG] Writing kotlin/jvm/internal/IntCompanionObject with maxs=true frames=true
[Architectury Transformer DEBUG] Writing kotlin/jvm/internal/IntSpreadBuilder with maxs=true frames=true
[Architectury Transformer DEBUG] Writing kotlin/jvm/internal/KTypeBase with maxs=true frames=true
[Architectury Transformer DEBUG] Writing kotlin/jvm/internal/Lambda with maxs=true frames=true
[Architectury Transformer DEBUG] Writing kotlin/jvm/internal/LocalVariableReference with maxs=true frames=true
[Architectury Transformer DEBUG] Writing kotlin/jvm/internal/LocalVariableReferencesKt with maxs=true frames=true
[Architectury Transformer DEBUG] Writing kotlin/jvm/internal/LongCompanionObject with maxs=true frames=true
[Architectury Transformer DEBUG] Writing kotlin/jvm/internal/LongSpreadBuilder with maxs=true frames=true
[Architectury Transformer DEBUG] Writing kotlin/jvm/internal/MutableLocalVariableReference with maxs=true frames=true
[Architectury Transformer DEBUG] Writing kotlin/jvm/internal/PackageReference with maxs=true frames=true
[Architectury Transformer DEBUG] Writing kotlin/jvm/internal/PrimitiveSpreadBuilder with maxs=true frames=true
[Architectury Transformer DEBUG] Writing kotlin/jvm/internal/SerializedIr with maxs=true frames=true
[Architectury Transformer DEBUG] Writing kotlin/jvm/internal/ShortCompanionObject with maxs=true frames=true
[Architectury Transformer DEBUG] Writing kotlin/jvm/internal/ShortSpreadBuilder with maxs=true frames=true
[Architectury Transformer DEBUG] Writing kotlin/jvm/internal/SourceDebugExtension with maxs=true frames=true
[Architectury Transformer DEBUG] Writing kotlin/jvm/internal/StringCompanionObject with maxs=true frames=true
[Architectury Transformer DEBUG] Writing kotlin/jvm/internal/TypeParameterReference$Companion$WhenMappings with maxs=true frames=true
[Architectury Transformer DEBUG] Writing kotlin/jvm/internal/TypeParameterReference$Companion with maxs=true frames=true
[Architectury Transformer DEBUG] Writing kotlin/jvm/internal/TypeParameterReference with maxs=true frames=true
[Architectury Transformer DEBUG] Writing kotlin/jvm/internal/TypeReference$Companion with maxs=true frames=true
[Architectury Transformer DEBUG] Writing kotlin/jvm/internal/TypeReference$WhenMappings with maxs=true frames=true
[Architectury Transformer DEBUG] Writing kotlin/jvm/internal/TypeReference with maxs=true frames=true
[Architectury Transformer DEBUG] Writing kotlin/jvm/internal/markers/KMappedMarker with maxs=true frames=true
[Architectury Transformer DEBUG] Writing kotlin/jvm/internal/markers/KMutableCollection with maxs=true frames=true
[Architectury Transformer DEBUG] Writing kotlin/jvm/internal/markers/KMutableIterable with maxs=true frames=true
[Architectury Transformer DEBUG] Writing kotlin/jvm/internal/markers/KMutableIterator with maxs=true frames=true
[Architectury Transformer DEBUG] Writing kotlin/jvm/internal/markers/KMutableList with maxs=true frames=true
[Architectury Transformer DEBUG] Writing kotlin/jvm/internal/markers/KMutableListIterator with maxs=true frames=true
[Architectury Transformer DEBUG] Writing kotlin/jvm/internal/markers/KMutableMap$Entry with maxs=true frames=true
[Architectury Transformer DEBUG] Writing kotlin/jvm/internal/markers/KMutableMap with maxs=true frames=true
[Architectury Transformer DEBUG] Writing kotlin/jvm/internal/markers/KMutableSet with maxs=true frames=true
[Architectury Transformer DEBUG] Writing kotlin/jvm/internal/unsafe/MonitorKt with maxs=true frames=true
[Architectury Transformer DEBUG] Writing kotlin/jvm/internal/AdaptedFunctionReference with maxs=true frames=true
[Architectury Transformer DEBUG] Writing kotlin/jvm/internal/CallableReference$NoReceiver with maxs=true frames=true
[Architectury Transformer DEBUG] Writing kotlin/jvm/internal/CallableReference with maxs=true frames=true
[Architectury Transformer DEBUG] Writing kotlin/jvm/internal/DefaultConstructorMarker with maxs=true frames=true
[Architectury Transformer DEBUG] Writing kotlin/jvm/internal/FunInterfaceConstructorReference with maxs=true frames=true
[Architectury Transformer DEBUG] Writing kotlin/jvm/internal/FunctionAdapter with maxs=true frames=true
[Architectury Transformer DEBUG] Writing kotlin/jvm/internal/FunctionImpl with maxs=true frames=true
[Architectury Transformer DEBUG] Writing kotlin/jvm/internal/FunctionReference with maxs=true frames=true
[Architectury Transformer DEBUG] Writing kotlin/jvm/internal/FunctionReferenceImpl with maxs=true frames=true
[Architectury Transformer DEBUG] Writing kotlin/jvm/internal/InlineMarker with maxs=true frames=true
[Architectury Transformer DEBUG] Writing kotlin/jvm/internal/Intrinsics$Kotlin with maxs=true frames=true
[Architectury Transformer DEBUG] Writing kotlin/jvm/internal/Intrinsics with maxs=true frames=true
[Architectury Transformer DEBUG] Writing kotlin/jvm/internal/MagicApiIntrinsics with maxs=true frames=true
[Architectury Transformer DEBUG] Writing kotlin/jvm/internal/MutablePropertyReference with maxs=true frames=true
[Architectury Transformer DEBUG] Writing kotlin/jvm/internal/MutablePropertyReference0 with maxs=true frames=true
[Architectury Transformer DEBUG] Writing kotlin/jvm/internal/MutablePropertyReference0Impl with maxs=true frames=true
[Architectury Transformer DEBUG] Writing kotlin/jvm/internal/MutablePropertyReference1 with maxs=true frames=true
[Architectury Transformer DEBUG] Writing kotlin/jvm/internal/MutablePropertyReference1Impl with maxs=true frames=true
[Architectury Transformer DEBUG] Writing kotlin/jvm/internal/MutablePropertyReference2 with maxs=true frames=true
[Architectury Transformer DEBUG] Writing kotlin/jvm/internal/MutablePropertyReference2Impl with maxs=true frames=true
[Architectury Transformer DEBUG] Writing kotlin/jvm/internal/PropertyReference with maxs=true frames=true
[Architectury Transformer DEBUG] Writing kotlin/jvm/internal/PropertyReference0 with maxs=true frames=true
[Architectury Transformer DEBUG] Writing kotlin/jvm/internal/PropertyReference0Impl with maxs=true frames=true
[Architectury Transformer DEBUG] Writing kotlin/jvm/internal/PropertyReference1 with maxs=true frames=true
[Architectury Transformer DEBUG] Writing kotlin/jvm/internal/PropertyReference1Impl with maxs=true frames=true
[Architectury Transformer DEBUG] Writing kotlin/jvm/internal/PropertyReference2 with maxs=true frames=true
[Architectury Transformer DEBUG] Writing kotlin/jvm/internal/PropertyReference2Impl with maxs=true frames=true
[Architectury Transformer DEBUG] Writing kotlin/jvm/internal/Ref$BooleanRef with maxs=true frames=true
[Architectury Transformer DEBUG] Writing kotlin/jvm/internal/Ref$ByteRef with maxs=true frames=true
[Architectury Transformer DEBUG] Writing kotlin/jvm/internal/Ref$CharRef with maxs=true frames=true
[Architectury Transformer DEBUG] Writing kotlin/jvm/internal/Ref$DoubleRef with maxs=true frames=true
[Architectury Transformer DEBUG] Writing kotlin/jvm/internal/Ref$FloatRef with maxs=true frames=true
[Architectury Transformer DEBUG] Writing kotlin/jvm/internal/Ref$IntRef with maxs=true frames=true
[Architectury Transformer DEBUG] Writing kotlin/jvm/internal/Ref$LongRef with maxs=true frames=true
[Architectury Transformer DEBUG] Writing kotlin/jvm/internal/Ref$ObjectRef with maxs=true frames=true
[Architectury Transformer DEBUG] Writing kotlin/jvm/internal/Ref$ShortRef with maxs=true frames=true
[Architectury Transformer DEBUG] Writing kotlin/jvm/internal/Ref with maxs=true frames=true
[Architectury Transformer DEBUG] Writing kotlin/jvm/internal/Reflection with maxs=true frames=true
[Architectury Transformer DEBUG] Writing kotlin/jvm/internal/ReflectionFactory with maxs=true frames=true
[Architectury Transformer DEBUG] Writing kotlin/jvm/internal/RepeatableContainer with maxs=true frames=true
[Architectury Transformer DEBUG] Writing kotlin/jvm/internal/SpreadBuilder with maxs=true frames=true
[Architectury Transformer DEBUG] Writing kotlin/jvm/internal/TypeIntrinsics with maxs=true frames=true
[Architectury Transformer DEBUG] Writing kotlin/jvm/jdk8/JvmRepeatableKt with maxs=true frames=true
[Architectury Transformer DEBUG] Writing kotlin/jvm/optionals/OptionalsKt with maxs=true frames=true
[Architectury Transformer DEBUG] Writing kotlin/math/Constants with maxs=true frames=true
[Architectury Transformer DEBUG] Writing kotlin/math/MathKt with maxs=true frames=true
[Architectury Transformer DEBUG] Writing kotlin/math/MathKt__MathHKt with maxs=true frames=true
[Architectury Transformer DEBUG] Writing kotlin/math/MathKt__MathJVMKt with maxs=true frames=true
[Architectury Transformer DEBUG] Writing kotlin/math/UMathKt with maxs=true frames=true
[Architectury Transformer DEBUG] Writing kotlin/properties/Delegates$observable$1 with maxs=true frames=true
[Architectury Transformer DEBUG] Writing kotlin/properties/Delegates$vetoable$1 with maxs=true frames=true
[Architectury Transformer DEBUG] Writing kotlin/properties/Delegates with maxs=true frames=true
[Architectury Transformer DEBUG] Writing kotlin/properties/NotNullVar with maxs=true frames=true
[Architectury Transformer DEBUG] Writing kotlin/properties/ObservableProperty with maxs=true frames=true
[Architectury Transformer DEBUG] Writing kotlin/properties/PropertyDelegateProvider with maxs=true frames=true
[Architectury Transformer DEBUG] Writing kotlin/properties/ReadOnlyProperty with maxs=true frames=true
[Architectury Transformer DEBUG] Writing kotlin/properties/ReadWriteProperty with maxs=true frames=true
[Architectury Transformer DEBUG] Writing kotlin/random/AbstractPlatformRandom with maxs=true frames=true
[Architectury Transformer DEBUG] Writing kotlin/random/FallbackThreadLocalRandom$implStorage$1 with maxs=true frames=true
[Architectury Transformer DEBUG] Writing kotlin/random/FallbackThreadLocalRandom with maxs=true frames=true
[Architectury Transformer DEBUG] Writing kotlin/random/KotlinRandom$Companion with maxs=true frames=true
[Architectury Transformer DEBUG] Writing kotlin/random/KotlinRandom with maxs=true frames=true
[Architectury Transformer DEBUG] Writing kotlin/random/PlatformRandom$Companion with maxs=true frames=true
[Architectury Transformer DEBUG] Writing kotlin/random/PlatformRandom with maxs=true frames=true
[Architectury Transformer DEBUG] Writing kotlin/random/PlatformRandomKt with maxs=true frames=true
[Architectury Transformer DEBUG] Writing kotlin/random/Random$Default$Serialized with maxs=true frames=true
[Architectury Transformer DEBUG] Writing kotlin/random/Random$Default with maxs=true frames=true
[Architectury Transformer DEBUG] Writing kotlin/random/Random with maxs=true frames=true
[Architectury Transformer DEBUG] Writing kotlin/random/RandomKt with maxs=true frames=true
[Architectury Transformer DEBUG] Writing kotlin/random/URandomKt with maxs=true frames=true
[Architectury Transformer DEBUG] Writing kotlin/random/XorWowRandom$Companion with maxs=true frames=true
[Architectury Transformer DEBUG] Writing kotlin/random/XorWowRandom with maxs=true frames=true
[Architectury Transformer DEBUG] Writing kotlin/random/jdk8/PlatformThreadLocalRandom with maxs=true frames=true
[Architectury Transformer DEBUG] Writing kotlin/ranges/CharProgression$Companion with maxs=true frames=true
[Architectury Transformer DEBUG] Writing kotlin/ranges/CharProgression with maxs=true frames=true
[Architectury Transformer DEBUG] Writing kotlin/ranges/CharProgressionIterator with maxs=true frames=true
[Architectury Transformer DEBUG] Writing kotlin/ranges/CharRange$Companion with maxs=true frames=true
[Architectury Transformer DEBUG] Writing kotlin/ranges/CharRange with maxs=true frames=true
[Architectury Transformer DEBUG] Writing kotlin/ranges/ClosedDoubleRange with maxs=true frames=true
[Architectury Transformer DEBUG] Writing kotlin/ranges/ClosedFloatRange with maxs=true frames=true
[Architectury Transformer DEBUG] Writing kotlin/ranges/ClosedFloatingPointRange$DefaultImpls with maxs=true frames=true
[Architectury Transformer DEBUG] Writing kotlin/ranges/ClosedFloatingPointRange with maxs=true frames=true
[Architectury Transformer DEBUG] Writing kotlin/ranges/ClosedRange$DefaultImpls with maxs=true frames=true
[Architectury Transformer DEBUG] Writing kotlin/ranges/ClosedRange with maxs=true frames=true
[Architectury Transformer DEBUG] Writing kotlin/ranges/ComparableOpenEndRange with maxs=true frames=true
[Architectury Transformer DEBUG] Writing kotlin/ranges/ComparableRange with maxs=true frames=true
[Architectury Transformer DEBUG] Writing kotlin/ranges/IntProgression$Companion with maxs=true frames=true
[Architectury Transformer DEBUG] Writing kotlin/ranges/IntProgression with maxs=true frames=true
[Architectury Transformer DEBUG] Writing kotlin/ranges/IntProgressionIterator with maxs=true frames=true
[Architectury Transformer DEBUG] Writing kotlin/ranges/IntRange$Companion with maxs=true frames=true
[Architectury Transformer DEBUG] Writing kotlin/ranges/IntRange with maxs=true frames=true
[Architectury Transformer DEBUG] Writing kotlin/ranges/LongProgression$Companion with maxs=true frames=true
[Architectury Transformer DEBUG] Writing kotlin/ranges/LongProgression with maxs=true frames=true
[Architectury Transformer DEBUG] Writing kotlin/ranges/LongProgressionIterator with maxs=true frames=true
[Architectury Transformer DEBUG] Writing kotlin/ranges/LongRange$Companion with maxs=true frames=true
[Architectury Transformer DEBUG] Writing kotlin/ranges/LongRange with maxs=true frames=true
[Architectury Transformer DEBUG] Writing kotlin/ranges/OpenEndDoubleRange with maxs=true frames=true
[Architectury Transformer DEBUG] Writing kotlin/ranges/OpenEndFloatRange with maxs=true frames=true
[Architectury Transformer DEBUG] Writing kotlin/ranges/OpenEndRange$DefaultImpls with maxs=true frames=true
[Architectury Transformer DEBUG] Writing kotlin/ranges/OpenEndRange with maxs=true frames=true
[Architectury Transformer DEBUG] Writing kotlin/ranges/RangesKt with maxs=true frames=true
[Architectury Transformer DEBUG] Writing kotlin/ranges/RangesKt__RangesKt with maxs=true frames=true
[Architectury Transformer DEBUG] Writing kotlin/ranges/RangesKt___RangesKt with maxs=true frames=true
[Architectury Transformer DEBUG] Writing kotlin/ranges/UIntProgression$Companion with maxs=true frames=true
[Architectury Transformer DEBUG] Writing kotlin/ranges/UIntProgression with maxs=true frames=true
[Architectury Transformer DEBUG] Writing kotlin/ranges/UIntProgressionIterator with maxs=true frames=true
[Architectury Transformer DEBUG] Writing kotlin/ranges/UIntRange$Companion with maxs=true frames=true
[Architectury Transformer DEBUG] Writing kotlin/ranges/UIntRange with maxs=true frames=true
[Architectury Transformer DEBUG] Writing kotlin/ranges/ULongProgression$Companion with maxs=true frames=true
[Architectury Transformer DEBUG] Writing kotlin/ranges/ULongProgression with maxs=true frames=true
[Architectury Transformer DEBUG] Writing kotlin/ranges/ULongProgressionIterator with maxs=true frames=true
[Architectury Transformer DEBUG] Writing kotlin/ranges/ULongRange$Companion with maxs=true frames=true
[Architectury Transformer DEBUG] Writing kotlin/ranges/ULongRange with maxs=true frames=true
[Architectury Transformer DEBUG] Writing kotlin/ranges/URangesKt with maxs=true frames=true
[Architectury Transformer DEBUG] Writing kotlin/ranges/URangesKt___URangesKt with maxs=true frames=true
[Architectury Transformer DEBUG] Writing kotlin/reflect/GenericArrayTypeImpl with maxs=true frames=true
[Architectury Transformer DEBUG] Writing kotlin/reflect/KAnnotatedElement with maxs=true frames=true
[Architectury Transformer DEBUG] Writing kotlin/reflect/KCallable$DefaultImpls with maxs=true frames=true
[Architectury Transformer DEBUG] Writing kotlin/reflect/KCallable with maxs=true frames=true
[Architectury Transformer DEBUG] Writing kotlin/reflect/KClass$DefaultImpls with maxs=true frames=true
[Architectury Transformer DEBUG] Writing kotlin/reflect/KClass with maxs=true frames=true
[Architectury Transformer DEBUG] Writing kotlin/reflect/KClasses with maxs=true frames=true
[Architectury Transformer DEBUG] Writing kotlin/reflect/KClassesImplKt with maxs=true frames=true
[Architectury Transformer DEBUG] Writing kotlin/reflect/KClassifier with maxs=true frames=true
[Architectury Transformer DEBUG] Writing kotlin/reflect/KDeclarationContainer with maxs=true frames=true
[Architectury Transformer DEBUG] Writing kotlin/reflect/KFunction$DefaultImpls with maxs=true frames=true
[Architectury Transformer DEBUG] Writing kotlin/reflect/KFunction with maxs=true frames=true
[Architectury Transformer DEBUG] Writing kotlin/reflect/KMutableProperty$Setter with maxs=true frames=true
[Architectury Transformer DEBUG] Writing kotlin/reflect/KMutableProperty with maxs=true frames=true
[Architectury Transformer DEBUG] Writing kotlin/reflect/KMutableProperty0$Setter with maxs=true frames=true
[Architectury Transformer DEBUG] Writing kotlin/reflect/KMutableProperty0 with maxs=true frames=true
[Architectury Transformer DEBUG] Writing kotlin/reflect/KMutableProperty1$Setter with maxs=true frames=true
[Architectury Transformer DEBUG] Writing kotlin/reflect/KMutableProperty1 with maxs=true frames=true
[Architectury Transformer DEBUG] Writing kotlin/reflect/KMutableProperty2$Setter with maxs=true frames=true
[Architectury Transformer DEBUG] Writing kotlin/reflect/KMutableProperty2 with maxs=true frames=true
[Architectury Transformer DEBUG] Writing kotlin/reflect/KParameter$DefaultImpls with maxs=true frames=true
[Architectury Transformer DEBUG] Writing kotlin/reflect/KParameter$Kind with maxs=true frames=true
[Architectury Transformer DEBUG] Writing kotlin/reflect/KParameter with maxs=true frames=true
[Architectury Transformer DEBUG] Writing kotlin/reflect/KProperty$Accessor with maxs=true frames=true
[Architectury Transformer DEBUG] Writing kotlin/reflect/KProperty$DefaultImpls with maxs=true frames=true
[Architectury Transformer DEBUG] Writing kotlin/reflect/KProperty$Getter with maxs=true frames=true
[Architectury Transformer DEBUG] Writing kotlin/reflect/KProperty with maxs=true frames=true
[Architectury Transformer DEBUG] Writing kotlin/reflect/KProperty0$Getter with maxs=true frames=true
[Architectury Transformer DEBUG] Writing kotlin/reflect/KProperty0 with maxs=true frames=true
[Architectury Transformer DEBUG] Writing kotlin/reflect/KProperty1$Getter with maxs=true frames=true
[Architectury Transformer DEBUG] Writing kotlin/reflect/KProperty1 with maxs=true frames=true
[Architectury Transformer DEBUG] Writing kotlin/reflect/KProperty2$Getter with maxs=true frames=true
[Architectury Transformer DEBUG] Writing kotlin/reflect/KProperty2 with maxs=true frames=true
[Architectury Transformer DEBUG] Writing kotlin/reflect/KType$DefaultImpls with maxs=true frames=true
[Architectury Transformer DEBUG] Writing kotlin/reflect/KType with maxs=true frames=true
[Architectury Transformer DEBUG] Writing kotlin/reflect/KTypeParameter with maxs=true frames=true
[Architectury Transformer DEBUG] Writing kotlin/reflect/KTypeProjection$Companion with maxs=true frames=true
[Architectury Transformer DEBUG] Writing kotlin/reflect/KTypeProjection$WhenMappings with maxs=true frames=true
[Architectury Transformer DEBUG] Writing kotlin/reflect/KTypeProjection with maxs=true frames=true
[Architectury Transformer DEBUG] Writing kotlin/reflect/KVariance with maxs=true frames=true
[Architectury Transformer DEBUG] Writing kotlin/reflect/KVisibility with maxs=true frames=true
[Architectury Transformer DEBUG] Writing kotlin/reflect/ParameterizedTypeImpl$getTypeName$1$1 with maxs=true frames=true
[Architectury Transformer DEBUG] Writing kotlin/reflect/ParameterizedTypeImpl with maxs=true frames=true
[Architectury Transformer DEBUG] Writing kotlin/reflect/TypeImpl with maxs=true frames=true
[Architectury Transformer DEBUG] Writing kotlin/reflect/TypeOfKt with maxs=true frames=true
[Architectury Transformer DEBUG] Writing kotlin/reflect/TypeVariableImpl with maxs=true frames=true
[Architectury Transformer DEBUG] Writing kotlin/reflect/TypesJVMKt$WhenMappings with maxs=true frames=true
[Architectury Transformer DEBUG] Writing kotlin/reflect/TypesJVMKt$typeToString$unwrap$1 with maxs=true frames=true
[Architectury Transformer DEBUG] Writing kotlin/reflect/TypesJVMKt with maxs=true frames=true
[Architectury Transformer DEBUG] Writing kotlin/reflect/WildcardTypeImpl$Companion with maxs=true frames=true
[Architectury Transformer DEBUG] Writing kotlin/reflect/WildcardTypeImpl with maxs=true frames=true
[Architectury Transformer DEBUG] Writing kotlin/sequences/ConstrainedOnceSequence with maxs=true frames=true
[Architectury Transformer DEBUG] Writing kotlin/sequences/DistinctIterator with maxs=true frames=true
[Architectury Transformer DEBUG] Writing kotlin/sequences/DistinctSequence with maxs=true frames=true
[Architectury Transformer DEBUG] Writing kotlin/sequences/DropSequence$iterator$1 with maxs=true frames=true
[Architectury Transformer DEBUG] Writing kotlin/sequences/DropSequence with maxs=true frames=true
[Architectury Transformer DEBUG] Writing kotlin/sequences/DropTakeSequence with maxs=true frames=true
[Architectury Transformer DEBUG] Writing kotlin/sequences/DropWhileSequence$iterator$1 with maxs=true frames=true
[Architectury Transformer DEBUG] Writing kotlin/sequences/DropWhileSequence with maxs=true frames=true
[Architectury Transformer DEBUG] Writing kotlin/sequences/EmptySequence with maxs=true frames=true
[Architectury Transformer DEBUG] Writing kotlin/sequences/FilteringSequence$iterator$1 with maxs=true frames=true
[Architectury Transformer DEBUG] Writing kotlin/sequences/FilteringSequence with maxs=true frames=true
[Architectury Transformer DEBUG] Writing kotlin/sequences/FlatteningSequence$State with maxs=true frames=true
[Architectury Transformer DEBUG] Writing kotlin/sequences/FlatteningSequence$iterator$1 with maxs=true frames=true
[Architectury Transformer DEBUG] Writing kotlin/sequences/FlatteningSequence with maxs=true frames=true
[Architectury Transformer DEBUG] Writing kotlin/sequences/GeneratorSequence$iterator$1 with maxs=true frames=true
[Architectury Transformer DEBUG] Writing kotlin/sequences/GeneratorSequence with maxs=true frames=true
[Architectury Transformer DEBUG] Writing kotlin/sequences/IndexingSequence$iterator$1 with maxs=true frames=true
[Architectury Transformer DEBUG] Writing kotlin/sequences/IndexingSequence with maxs=true frames=true
[Architectury Transformer DEBUG] Writing kotlin/sequences/MergingSequence$iterator$1 with maxs=true frames=true
[Architectury Transformer DEBUG] Writing kotlin/sequences/MergingSequence with maxs=true frames=true
[Architectury Transformer DEBUG] Writing kotlin/sequences/Sequence with maxs=true frames=true
[Architectury Transformer DEBUG] Writing kotlin/sequences/SequenceBuilderIterator with maxs=true frames=true
[Architectury Transformer DEBUG] Writing kotlin/sequences/SequenceScope with maxs=true frames=true
[Architectury Transformer DEBUG] Writing kotlin/sequences/SequencesKt with maxs=true frames=true
[Architectury Transformer DEBUG] Writing kotlin/sequences/SequencesKt__SequenceBuilderKt$sequence$$inlined$Sequence$1 with maxs=true frames=true
[Architectury Transformer DEBUG] Writing kotlin/sequences/SequencesKt__SequenceBuilderKt with maxs=true frames=true
[Architectury Transformer DEBUG] Writing kotlin/sequences/SequencesKt__SequencesJVMKt with maxs=true frames=true
[Architectury Transformer DEBUG] Writing kotlin/sequences/SequencesKt__SequencesKt$Sequence$1 with maxs=true frames=true
[Architectury Transformer DEBUG] Writing kotlin/sequences/SequencesKt__SequencesKt$asSequence$$inlined$Sequence$1 with maxs=true frames=true
[Architectury Transformer DEBUG] Writing kotlin/sequences/SequencesKt__SequencesKt$flatMapIndexed$1 with maxs=true frames=true
[Architectury Transformer DEBUG] Writing kotlin/sequences/SequencesKt__SequencesKt$ifEmpty$1 with maxs=true frames=true
[Architectury Transformer DEBUG] Writing kotlin/sequences/SequencesKt__SequencesKt$sequenceOf$$inlined$Sequence$1 with maxs=true frames=true
[Architectury Transformer DEBUG] Writing kotlin/sequences/SequencesKt__SequencesKt$sequenceOf$1$1 with maxs=true frames=true
[Architectury Transformer DEBUG] Writing kotlin/sequences/SequencesKt__SequencesKt$shuffled$1 with maxs=true frames=true
[Architectury Transformer DEBUG] Writing kotlin/sequences/SequencesKt__SequencesKt with maxs=true frames=true
[Architectury Transformer DEBUG] Writing kotlin/sequences/SequencesKt___SequencesJvmKt with maxs=true frames=true
[Architectury Transformer DEBUG] Writing kotlin/sequences/SequencesKt___SequencesKt$asIterable$$inlined$Iterable$1 with maxs=true frames=true
[Architectury Transformer DEBUG] Writing kotlin/sequences/SequencesKt___SequencesKt$filterIsInstance$1 with maxs=true frames=true
[Architectury Transformer DEBUG] Writing kotlin/sequences/SequencesKt___SequencesKt$flatMap$1 with maxs=true frames=true
[Architectury Transformer DEBUG] Writing kotlin/sequences/SequencesKt___SequencesKt$flatMap$2 with maxs=true frames=true
[Architectury Transformer DEBUG] Writing kotlin/sequences/SequencesKt___SequencesKt$flatMapIndexed$1 with maxs=true frames=true
[Architectury Transformer DEBUG] Writing kotlin/sequences/SequencesKt___SequencesKt$flatMapIndexed$2 with maxs=true frames=true
[Architectury Transformer DEBUG] Writing kotlin/sequences/SequencesKt___SequencesKt$groupingBy$1 with maxs=true frames=true
[Architectury Transformer DEBUG] Writing kotlin/sequences/SequencesKt___SequencesKt$minus$1 with maxs=true frames=true
[Architectury Transformer DEBUG] Writing kotlin/sequences/SequencesKt___SequencesKt$minus$2 with maxs=true frames=true
[Architectury Transformer DEBUG] Writing kotlin/sequences/SequencesKt___SequencesKt$minus$3 with maxs=true frames=true
[Architectury Transformer DEBUG] Writing kotlin/sequences/SequencesKt___SequencesKt$minus$4 with maxs=true frames=true
[Architectury Transformer DEBUG] Writing kotlin/sequences/SequencesKt___SequencesKt$runningFold$1 with maxs=true frames=true
[Architectury Transformer DEBUG] Writing kotlin/sequences/SequencesKt___SequencesKt$runningFoldIndexed$1 with maxs=true frames=true
[Architectury Transformer DEBUG] Writing kotlin/sequences/SequencesKt___SequencesKt$runningReduce$1 with maxs=true frames=true
[Architectury Transformer DEBUG] Writing kotlin/sequences/SequencesKt___SequencesKt$runningReduceIndexed$1 with maxs=true frames=true
[Architectury Transformer DEBUG] Writing kotlin/sequences/SequencesKt___SequencesKt$sorted$1 with maxs=true frames=true
[Architectury Transformer DEBUG] Writing kotlin/sequences/SequencesKt___SequencesKt$sortedWith$1 with maxs=true frames=true
[Architectury Transformer DEBUG] Writing kotlin/sequences/SequencesKt___SequencesKt$zipWithNext$2 with maxs=true frames=true
[Architectury Transformer DEBUG] Writing kotlin/sequences/SequencesKt___SequencesKt with maxs=true frames=true
[Architectury Transformer DEBUG] Writing kotlin/sequences/SubSequence$iterator$1 with maxs=true frames=true
[Architectury Transformer DEBUG] Writing kotlin/sequences/SubSequence with maxs=true frames=true
[Architectury Transformer DEBUG] Writing kotlin/sequences/TakeSequence$iterator$1 with maxs=true frames=true
[Architectury Transformer DEBUG] Writing kotlin/sequences/TakeSequence with maxs=true frames=true
[Architectury Transformer DEBUG] Writing kotlin/sequences/TakeWhileSequence$iterator$1 with maxs=true frames=true
[Architectury Transformer DEBUG] Writing kotlin/sequences/TakeWhileSequence with maxs=true frames=true
[Architectury Transformer DEBUG] Writing kotlin/sequences/TransformingIndexedSequence$iterator$1 with maxs=true frames=true
[Architectury Transformer DEBUG] Writing kotlin/sequences/TransformingIndexedSequence with maxs=true frames=true
[Architectury Transformer DEBUG] Writing kotlin/sequences/TransformingSequence$iterator$1 with maxs=true frames=true
[Architectury Transformer DEBUG] Writing kotlin/sequences/TransformingSequence with maxs=true frames=true
[Architectury Transformer DEBUG] Writing kotlin/sequences/USequencesKt with maxs=true frames=true
[Architectury Transformer DEBUG] Writing kotlin/sequences/USequencesKt___USequencesKt with maxs=true frames=true
[Architectury Transformer DEBUG] Writing kotlin/system/ProcessKt with maxs=true frames=true
[Architectury Transformer DEBUG] Writing kotlin/system/TimingKt with maxs=true frames=true
[Architectury Transformer DEBUG] Writing kotlin/text/CharCategory$Companion with maxs=true frames=true
[Architectury Transformer DEBUG] Writing kotlin/text/CharCategory with maxs=true frames=true
[Architectury Transformer DEBUG] Writing kotlin/text/CharDirectionality$Companion with maxs=true frames=true
[Architectury Transformer DEBUG] Writing kotlin/text/CharDirectionality with maxs=true frames=true
[Architectury Transformer DEBUG] Writing kotlin/text/CharsKt with maxs=true frames=true
[Architectury Transformer DEBUG] Writing kotlin/text/CharsKt__CharJVMKt with maxs=true frames=true
[Architectury Transformer DEBUG] Writing kotlin/text/CharsKt__CharKt with maxs=true frames=true
[Architectury Transformer DEBUG] Writing kotlin/text/Charsets with maxs=true frames=true
[Architectury Transformer DEBUG] Writing kotlin/text/CharsetsKt with maxs=true frames=true
[Architectury Transformer DEBUG] Writing kotlin/text/DelimitedRangesSequence$iterator$1 with maxs=true frames=true
[Architectury Transformer DEBUG] Writing kotlin/text/DelimitedRangesSequence with maxs=true frames=true
[Architectury Transformer DEBUG] Writing kotlin/text/FlagEnum with maxs=true frames=true
[Architectury Transformer DEBUG] Writing kotlin/text/HexExtensionsKt with maxs=true frames=true
[Architectury Transformer DEBUG] Writing kotlin/text/HexFormat$Builder with maxs=true frames=true
[Architectury Transformer DEBUG] Writing kotlin/text/HexFormat$BytesHexFormat$Builder with maxs=true frames=true
[Architectury Transformer DEBUG] Writing kotlin/text/HexFormat$BytesHexFormat$Companion with maxs=true frames=true
[Architectury Transformer DEBUG] Writing kotlin/text/HexFormat$BytesHexFormat with maxs=true frames=true
[Architectury Transformer DEBUG] Writing kotlin/text/HexFormat$Companion with maxs=true frames=true
[Architectury Transformer DEBUG] Writing kotlin/text/HexFormat$NumberHexFormat$Builder with maxs=true frames=true
[Architectury Transformer DEBUG] Writing kotlin/text/HexFormat$NumberHexFormat$Companion with maxs=true frames=true
[Architectury Transformer DEBUG] Writing kotlin/text/HexFormat$NumberHexFormat with maxs=true frames=true
[Architectury Transformer DEBUG] Writing kotlin/text/HexFormat with maxs=true frames=true
[Architectury Transformer DEBUG] Writing kotlin/text/HexFormatKt with maxs=true frames=true
[Architectury Transformer DEBUG] Writing kotlin/text/LinesIterator$State with maxs=true frames=true
[Architectury Transformer DEBUG] Writing kotlin/text/LinesIterator with maxs=true frames=true
[Architectury Transformer DEBUG] Writing kotlin/text/MatchGroup with maxs=true frames=true
[Architectury Transformer DEBUG] Writing kotlin/text/MatchGroupCollection with maxs=true frames=true
[Architectury Transformer DEBUG] Writing kotlin/text/MatchNamedGroupCollection with maxs=true frames=true
[Architectury Transformer DEBUG] Writing kotlin/text/MatchResult$DefaultImpls with maxs=true frames=true
[Architectury Transformer DEBUG] Writing kotlin/text/MatchResult$Destructured with maxs=true frames=true
[Architectury Transformer DEBUG] Writing kotlin/text/MatchResult with maxs=true frames=true
[Architectury Transformer DEBUG] Writing kotlin/text/MatcherMatchResult$groupValues$1 with maxs=true frames=true
[Architectury Transformer DEBUG] Writing kotlin/text/MatcherMatchResult$groups$1 with maxs=true frames=true
[Architectury Transformer DEBUG] Writing kotlin/text/MatcherMatchResult with maxs=true frames=true
[Architectury Transformer DEBUG] Writing kotlin/text/Regex$Companion with maxs=true frames=true
[Architectury Transformer DEBUG] Writing kotlin/text/Regex$Serialized$Companion with maxs=true frames=true
[Architectury Transformer DEBUG] Writing kotlin/text/Regex$Serialized with maxs=true frames=true
[Architectury Transformer DEBUG] Writing kotlin/text/Regex$findAll$2 with maxs=true frames=true
[Architectury Transformer DEBUG] Writing kotlin/text/Regex$special$$inlined$fromInt$1 with maxs=true frames=true
[Architectury Transformer DEBUG] Writing kotlin/text/Regex$splitToSequence$1 with maxs=true frames=true
[Architectury Transformer DEBUG] Writing kotlin/text/Regex with maxs=true frames=true
[Architectury Transformer DEBUG] Writing kotlin/text/RegexKt$fromInt$1$1 with maxs=true frames=true
[Architectury Transformer DEBUG] Writing kotlin/text/RegexKt with maxs=true frames=true
[Architectury Transformer DEBUG] Writing kotlin/text/RegexOption with maxs=true frames=true
[Architectury Transformer DEBUG] Writing kotlin/text/StringsKt with maxs=true frames=true
[Architectury Transformer DEBUG] Writing kotlin/text/StringsKt__AppendableKt with maxs=true frames=true
[Architectury Transformer DEBUG] Writing kotlin/text/StringsKt__IndentKt with maxs=true frames=true
[Architectury Transformer DEBUG] Writing kotlin/text/StringsKt__RegexExtensionsJVMKt with maxs=true frames=true
[Architectury Transformer DEBUG] Writing kotlin/text/StringsKt__RegexExtensionsKt with maxs=true frames=true
[Architectury Transformer DEBUG] Writing kotlin/text/StringsKt__StringBuilderJVMKt with maxs=true frames=true
[Architectury Transformer DEBUG] Writing kotlin/text/StringsKt__StringBuilderKt with maxs=true frames=true
[Architectury Transformer DEBUG] Writing kotlin/text/StringsKt__StringNumberConversionsJVMKt with maxs=true frames=true
[Architectury Transformer DEBUG] Writing kotlin/text/StringsKt__StringNumberConversionsKt with maxs=true frames=true
[Architectury Transformer DEBUG] Writing kotlin/text/StringsKt__StringsJVMKt with maxs=true frames=true
[Architectury Transformer DEBUG] Writing kotlin/text/StringsKt__StringsKt$iterator$1 with maxs=true frames=true
[Architectury Transformer DEBUG] Writing kotlin/text/StringsKt__StringsKt$lineSequence$$inlined$Sequence$1 with maxs=true frames=true
[Architectury Transformer DEBUG] Writing kotlin/text/StringsKt__StringsKt with maxs=true frames=true
[Architectury Transformer DEBUG] Writing kotlin/text/StringsKt___StringsJvmKt with maxs=true frames=true
[Architectury Transformer DEBUG] Writing kotlin/text/StringsKt___StringsKt$asIterable$$inlined$Iterable$1 with maxs=true frames=true
[Architectury Transformer DEBUG] Writing kotlin/text/StringsKt___StringsKt$asSequence$$inlined$Sequence$1 with maxs=true frames=true
[Architectury Transformer DEBUG] Writing kotlin/text/StringsKt___StringsKt$groupingBy$1 with maxs=true frames=true
[Architectury Transformer DEBUG] Writing kotlin/text/StringsKt___StringsKt with maxs=true frames=true
[Architectury Transformer DEBUG] Writing kotlin/text/SystemProperties with maxs=true frames=true
[Architectury Transformer DEBUG] Writing kotlin/text/TypeAliasesKt with maxs=true frames=true
[Architectury Transformer DEBUG] Writing kotlin/text/Typography with maxs=true frames=true
[Architectury Transformer DEBUG] Writing kotlin/text/UHexExtensionsKt with maxs=true frames=true
[Architectury Transformer DEBUG] Writing kotlin/text/UStringsKt with maxs=true frames=true
[Architectury Transformer DEBUG] Writing kotlin/text/_OneToManyTitlecaseMappingsKt with maxs=true frames=true
[Architectury Transformer DEBUG] Writing kotlin/text/jdk8/RegexExtensionsJDK8Kt with maxs=true frames=true
[Architectury Transformer DEBUG] Writing kotlin/time/AbstractDoubleTimeSource$DoubleTimeMark with maxs=true frames=true
[Architectury Transformer DEBUG] Writing kotlin/time/AbstractDoubleTimeSource with maxs=true frames=true
[Architectury Transformer DEBUG] Writing kotlin/time/AbstractLongTimeSource$LongTimeMark with maxs=true frames=true
[Architectury Transformer DEBUG] Writing kotlin/time/AbstractLongTimeSource with maxs=true frames=true
[Architectury Transformer DEBUG] Writing kotlin/time/AdjustedTimeMark with maxs=true frames=true
[Architectury Transformer DEBUG] Writing kotlin/time/Clock$Companion with maxs=true frames=true
[Architectury Transformer DEBUG] Writing kotlin/time/Clock$System with maxs=true frames=true
[Architectury Transformer DEBUG] Writing kotlin/time/Clock with maxs=true frames=true
[Architectury Transformer DEBUG] Writing kotlin/time/ClocksKt$asClock$1 with maxs=true frames=true
[Architectury Transformer DEBUG] Writing kotlin/time/ClocksKt with maxs=true frames=true
[Architectury Transformer DEBUG] Writing kotlin/time/ComparableTimeMark$DefaultImpls with maxs=true frames=true
[Architectury Transformer DEBUG] Writing kotlin/time/ComparableTimeMark with maxs=true frames=true
[Architectury Transformer DEBUG] Writing kotlin/time/Duration$Companion with maxs=true frames=true
[Architectury Transformer DEBUG] Writing kotlin/time/Duration with maxs=true frames=true
[Architectury Transformer DEBUG] Writing kotlin/time/DurationJvmKt with maxs=true frames=true
[Architectury Transformer DEBUG] Writing kotlin/time/DurationKt with maxs=true frames=true
[Architectury Transformer DEBUG] Writing kotlin/time/DurationUnit with maxs=true frames=true
[Architectury Transformer DEBUG] Writing kotlin/time/DurationUnitKt with maxs=true frames=true
[Architectury Transformer DEBUG] Writing kotlin/time/DurationUnitKt__DurationUnitJvmKt$WhenMappings with maxs=true frames=true
[Architectury Transformer DEBUG] Writing kotlin/time/DurationUnitKt__DurationUnitJvmKt with maxs=true frames=true
[Architectury Transformer DEBUG] Writing kotlin/time/DurationUnitKt__DurationUnitKt$WhenMappings with maxs=true frames=true
[Architectury Transformer DEBUG] Writing kotlin/time/DurationUnitKt__DurationUnitKt with maxs=true frames=true
[Architectury Transformer DEBUG] Writing kotlin/time/ExperimentalTime with maxs=true frames=true
[Architectury Transformer DEBUG] Writing kotlin/time/Instant$Companion with maxs=true frames=true
[Architectury Transformer DEBUG] Writing kotlin/time/Instant with maxs=true frames=true
[Architectury Transformer DEBUG] Writing kotlin/time/InstantFormatException with maxs=true frames=true
[Architectury Transformer DEBUG] Writing kotlin/time/InstantJvmKt with maxs=true frames=true
[Architectury Transformer DEBUG] Writing kotlin/time/InstantKt with maxs=true frames=true
[Architectury Transformer DEBUG] Writing kotlin/time/InstantParseResult$Failure with maxs=true frames=true
[Architectury Transformer DEBUG] Writing kotlin/time/InstantParseResult$Success with maxs=true frames=true
[Architectury Transformer DEBUG] Writing kotlin/time/InstantParseResult with maxs=true frames=true
[Architectury Transformer DEBUG] Writing kotlin/time/InstantSerialized$Companion with maxs=true frames=true
[Architectury Transformer DEBUG] Writing kotlin/time/InstantSerialized with maxs=true frames=true
[Architectury Transformer DEBUG] Writing kotlin/time/LongSaturatedMathKt with maxs=true frames=true
[Architectury Transformer DEBUG] Writing kotlin/time/MeasureTimeKt with maxs=true frames=true
[Architectury Transformer DEBUG] Writing kotlin/time/MonoTimeSourceKt with maxs=true frames=true
[Architectury Transformer DEBUG] Writing kotlin/time/MonotonicTimeSource with maxs=true frames=true
[Architectury Transformer DEBUG] Writing kotlin/time/TestTimeSource with maxs=true frames=true
[Architectury Transformer DEBUG] Writing kotlin/time/TimeMark$DefaultImpls with maxs=true frames=true
[Architectury Transformer DEBUG] Writing kotlin/time/TimeMark with maxs=true frames=true
[Architectury Transformer DEBUG] Writing kotlin/time/TimeSource$Companion with maxs=true frames=true
[Architectury Transformer DEBUG] Writing kotlin/time/TimeSource$Monotonic$ValueTimeMark with maxs=true frames=true
[Architectury Transformer DEBUG] Writing kotlin/time/TimeSource$Monotonic with maxs=true frames=true
[Architectury Transformer DEBUG] Writing kotlin/time/TimeSource$WithComparableMarks with maxs=true frames=true
[Architectury Transformer DEBUG] Writing kotlin/time/TimeSource with maxs=true frames=true
[Architectury Transformer DEBUG] Writing kotlin/time/TimedValue with maxs=true frames=true
[Architectury Transformer DEBUG] Writing kotlin/time/UnboundLocalDateTime$Companion with maxs=true frames=true
[Architectury Transformer DEBUG] Writing kotlin/time/UnboundLocalDateTime with maxs=true frames=true
[Architectury Transformer DEBUG] Writing kotlin/time/jdk8/DurationConversionsJDK8Kt with maxs=true frames=true
[Architectury Transformer DEBUG] Writing kotlin/time/jdk8/InstantConversionsJDK8Kt with maxs=true frames=true
[Architectury Transformer DEBUG] Writing kotlin/uuid/ExperimentalUuidApi with maxs=true frames=true
[Architectury Transformer DEBUG] Writing kotlin/uuid/SecureRandomHolder with maxs=true frames=true
[Architectury Transformer DEBUG] Writing kotlin/uuid/Uuid$Companion with maxs=true frames=true
[Architectury Transformer DEBUG] Writing kotlin/uuid/Uuid with maxs=true frames=true
[Architectury Transformer DEBUG] Writing kotlin/uuid/UuidKt with maxs=true frames=true
[Architectury Transformer DEBUG] Writing kotlin/uuid/UuidKt__UuidJVMKt with maxs=true frames=true
[Architectury Transformer DEBUG] Writing kotlin/uuid/UuidKt__UuidKt with maxs=true frames=true
[Architectury Transformer DEBUG] Writing kotlin/uuid/UuidSerialized$Companion with maxs=true frames=true
[Architectury Transformer DEBUG] Writing kotlin/uuid/UuidSerialized with maxs=true frames=true
[Architectury Transformer DEBUG] Writing kotlin/streams/jdk8/StreamsKt$asSequence$$inlined$Sequence$1 with maxs=true frames=true
[Architectury Transformer DEBUG] Writing kotlin/streams/jdk8/StreamsKt$asSequence$$inlined$Sequence$2 with maxs=true frames=true
[Architectury Transformer DEBUG] Writing kotlin/streams/jdk8/StreamsKt$asSequence$$inlined$Sequence$3 with maxs=true frames=true
[Architectury Transformer DEBUG] Writing kotlin/streams/jdk8/StreamsKt$asSequence$$inlined$Sequence$4 with maxs=true frames=true
[Architectury Transformer DEBUG] Writing kotlin/streams/jdk8/StreamsKt with maxs=true frames=true
[Architectury Transformer DEBUG] Closed File Systems for C:\Users\DanUn\AppData\Local\Temp\15919430529658676608.jar
[Architectury Transformer] Listening at C:\Users\DanUn\.gradle\caches\modules-2\files-2.1\org.jetbrains.kotlin\kotlin-stdlib\2.2.20\5380b19fa1924399b62ce3a1faffebb2b4f82272\kotlin-stdlib-2.2.20.jar
[Architectury Transformer DEBUG] Closed File Systems for C:\Users\DanUn\.gradle\caches\modules-2\files-2.1\org.jetbrains\annotations\13.0\919f0dfe192fb4e063e7dacadee7f8bb9a2672a9\annotations-13.0.jar
[Architectury Transformer DEBUG] Transforming 5 transformer(s) from C:\Users\DanUn\.gradle\caches\modules-2\files-2.1\org.jetbrains\annotations\13.0\919f0dfe192fb4e063e7dacadee7f8bb9a2672a9\annotations-13.0.jar to C:\Users\DanUn\AppData\Local\Temp\17766560698304389931.jar: 
[Architectury Transformer DEBUG]  - dev.architectury.transformer.transformers.RuntimeMixinRefmapDetector@54da32dc
[Architectury Transformer DEBUG]  - dev.architectury.transformer.transformers.GenerateFakeFabricMod@1d782abe
[Architectury Transformer DEBUG]  - dev.architectury.transformer.transformers.TransformExpectPlatform@6df7988f
[Architectury Transformer DEBUG]  - dev.architectury.transformer.transformers.RemapInjectables@27b22f74
[Architectury Transformer DEBUG]  - dev.architectury.transformer.transformers.TransformPlatformOnly@22fba58c
[Architectury Transformer DEBUG] Transforming from C:\Users\DanUn\.gradle\caches\modules-2\files-2.1\org.jetbrains\annotations\13.0\919f0dfe192fb4e063e7dacadee7f8bb9a2672a9\annotations-13.0.jar to C:\Users\DanUn\AppData\Local\Temp\17766560698304389931.jar with 5 transformer(s) on dev.architectury.transformer.handler.SimpleTransformerHandler
[Architectury Transformer DEBUG] Found class transformer
[Architectury Transformer DEBUG] Writing org/intellij/lang/annotations/Flow with maxs=true frames=true
[Architectury Transformer DEBUG] Writing org/intellij/lang/annotations/Identifier with maxs=true frames=true
[Architectury Transformer DEBUG] Writing org/intellij/lang/annotations/JdkConstants$AdjustableOrientation with maxs=true frames=true
[Architectury Transformer DEBUG] Writing org/intellij/lang/annotations/JdkConstants$BoxLayoutAxis with maxs=true frames=true
[Architectury Transformer DEBUG] Writing org/intellij/lang/annotations/JdkConstants$CalendarMonth with maxs=true frames=true
[Architectury Transformer DEBUG] Writing org/intellij/lang/annotations/JdkConstants$CursorType with maxs=true frames=true
[Architectury Transformer DEBUG] Writing org/intellij/lang/annotations/JdkConstants$FlowLayoutAlignment with maxs=true frames=true
[Architectury Transformer DEBUG] Writing org/intellij/lang/annotations/JdkConstants$FontStyle with maxs=true frames=true
[Architectury Transformer DEBUG] Writing org/intellij/lang/annotations/JdkConstants$HorizontalAlignment with maxs=true frames=true
[Architectury Transformer DEBUG] Writing org/intellij/lang/annotations/JdkConstants$InputEventMask with maxs=true frames=true
[Architectury Transformer DEBUG] Writing org/intellij/lang/annotations/JdkConstants$ListSelectionMode with maxs=true frames=true
[Architectury Transformer DEBUG] Writing org/intellij/lang/annotations/JdkConstants$PatternFlags with maxs=true frames=true
[Architectury Transformer DEBUG] Writing org/intellij/lang/annotations/JdkConstants$TabLayoutPolicy with maxs=true frames=true
[Architectury Transformer DEBUG] Writing org/intellij/lang/annotations/JdkConstants$TabPlacement with maxs=true frames=true
[Architectury Transformer DEBUG] Writing org/intellij/lang/annotations/JdkConstants$TitledBorderJustification with maxs=true frames=true
[Architectury Transformer DEBUG] Writing org/intellij/lang/annotations/JdkConstants$TitledBorderTitlePosition with maxs=true frames=true
[Architectury Transformer DEBUG] Writing org/intellij/lang/annotations/JdkConstants$TreeSelectionMode with maxs=true frames=true
[Architectury Transformer DEBUG] Writing org/intellij/lang/annotations/JdkConstants with maxs=true frames=true
[Architectury Transformer DEBUG] Writing org/intellij/lang/annotations/Language with maxs=true frames=true
[Architectury Transformer DEBUG] Writing org/intellij/lang/annotations/MagicConstant with maxs=true frames=true
[Architectury Transformer DEBUG] Writing org/intellij/lang/annotations/Pattern with maxs=true frames=true
[Architectury Transformer DEBUG] Writing org/intellij/lang/annotations/PrintFormat with maxs=true frames=true
[Architectury Transformer DEBUG] Writing org/intellij/lang/annotations/PrintFormatPattern with maxs=true frames=true
[Architectury Transformer DEBUG] Writing org/intellij/lang/annotations/RegExp with maxs=true frames=true
[Architectury Transformer DEBUG] Writing org/intellij/lang/annotations/Subst with maxs=true frames=true
[Architectury Transformer DEBUG] Writing org/jetbrains/annotations/Contract with maxs=true frames=true
[Architectury Transformer DEBUG] Writing org/jetbrains/annotations/Nls with maxs=true frames=true
[Architectury Transformer DEBUG] Writing org/jetbrains/annotations/NonNls with maxs=true frames=true
[Architectury Transformer DEBUG] Writing org/jetbrains/annotations/NotNull with maxs=true frames=true
[Architectury Transformer DEBUG] Writing org/jetbrains/annotations/Nullable with maxs=true frames=true
[Architectury Transformer DEBUG] Writing org/jetbrains/annotations/PropertyKey with maxs=true frames=true
[Architectury Transformer DEBUG] Writing org/jetbrains/annotations/TestOnly with maxs=true frames=true
[Architectury Transformer DEBUG] Closed File Systems for C:\Users\DanUn\AppData\Local\Temp\17766560698304389931.jar
[Architectury Transformer] Listening at C:\Users\DanUn\.gradle\caches\modules-2\files-2.1\org.jetbrains\annotations\13.0\919f0dfe192fb4e063e7dacadee7f8bb9a2672a9\annotations-13.0.jar
[Architectury Transformer DEBUG] Closed File Systems for C:\Users\DanUn\Desktop\Projects\Java\Minecraft\CobblemonHammers\common\build\devlibs\common-1.0.0-SNAPSHOT-dev.jar
[Architectury Transformer DEBUG] Transforming 5 transformer(s) from C:\Users\DanUn\Desktop\Projects\Java\Minecraft\CobblemonHammers\common\build\devlibs\common-1.0.0-SNAPSHOT-dev.jar to C:\Users\DanUn\AppData\Local\Temp\6300583028176403323.jar: 
[Architectury Transformer DEBUG]  - dev.architectury.transformer.transformers.RuntimeMixinRefmapDetector@14151bc5
[Architectury Transformer DEBUG]  - dev.architectury.transformer.transformers.GenerateFakeFabricMod@3013909b
[Architectury Transformer DEBUG]  - dev.architectury.transformer.transformers.TransformExpectPlatform@2a49fe
[Architectury Transformer DEBUG]  - dev.architectury.transformer.transformers.RemapInjectables@66596a88
[Architectury Transformer DEBUG]  - dev.architectury.transformer.transformers.TransformPlatformOnly@5aae8eb5
[Architectury Transformer DEBUG] Transforming from C:\Users\DanUn\Desktop\Projects\Java\Minecraft\CobblemonHammers\common\build\devlibs\common-1.0.0-SNAPSHOT-dev.jar to C:\Users\DanUn\AppData\Local\Temp\6300583028176403323.jar with 5 transformer(s) on dev.architectury.transformer.handler.SimpleTransformerHandler
[Architectury Transformer DEBUG] Found class transformer
[Architectury Transformer DEBUG] Writing net/dan2026/cobblemonhammers/common/CobblemonHammers with maxs=true frames=true
[Architectury Transformer DEBUG] Writing net/dan2026/cobblemonhammers/common/events/HammerEvents with maxs=true frames=true
[Architectury Transformer DEBUG] Writing net/dan2026/cobblemonhammers/common/items/tiers/ToolTiers with maxs=true frames=true
[Architectury Transformer DEBUG] Writing net/dan2026/cobblemonhammers/common/items/tools/hammers/BaseHammer with maxs=true frames=true
[Architectury Transformer DEBUG] Writing net/dan2026/cobblemonhammers/common/items/tools/hammers/DawnStoneHammer with maxs=true frames=true
[Architectury Transformer DEBUG] Writing net/dan2026/cobblemonhammers/common/items/tools/hammers/DuskStoneHammer with maxs=true frames=true
[Architectury Transformer DEBUG] Writing net/dan2026/cobblemonhammers/common/items/tools/hammers/FireStoneHammer with maxs=true frames=true
[Architectury Transformer DEBUG] Writing net/dan2026/cobblemonhammers/common/items/tools/hammers/IceStoneHammer with maxs=true frames=true
[Architectury Transformer DEBUG] Writing net/dan2026/cobblemonhammers/common/items/tools/hammers/LeafStoneHammer with maxs=true frames=true
[Architectury Transformer DEBUG] Writing net/dan2026/cobblemonhammers/common/items/tools/hammers/MoonStoneHammer with maxs=true frames=true
[Architectury Transformer DEBUG] Writing net/dan2026/cobblemonhammers/common/items/tools/hammers/ShinyStoneHammer with maxs=true frames=true
[Architectury Transformer DEBUG] Writing net/dan2026/cobblemonhammers/common/items/tools/hammers/SunStoneHammer with maxs=true frames=true
[Architectury Transformer DEBUG] Writing net/dan2026/cobblemonhammers/common/items/tools/hammers/ThunderStoneHammer with maxs=true frames=true
[Architectury Transformer DEBUG] Writing net/dan2026/cobblemonhammers/common/items/tools/hammers/WaterStoneHammer with maxs=true frames=true
[Architectury Transformer DEBUG] Writing net/dan2026/cobblemonhammers/common/registry/CreativeTabRegistry with maxs=true frames=true
[Architectury Transformer DEBUG] Writing net/dan2026/cobblemonhammers/common/registry/ItemRegistry with maxs=true frames=true
[Architectury Transformer DEBUG] Closed File Systems for C:\Users\DanUn\AppData\Local\Temp\6300583028176403323.jar
[Architectury Transformer] Listening at C:\Users\DanUn\Desktop\Projects\Java\Minecraft\CobblemonHammers\common\build\devlibs\common-1.0.0-SNAPSHOT-dev.jar
[Architectury Transformer DEBUG] Temporary jar [C:\Users\DanUn\AppData\Local\Temp\15919430529658676608.jar] contains packages: kotlin.js, kotlin.coroutines.jvm.internal, kotlin.collections.jdk8, kotlin.io.encoding, kotlin.experimental, kotlin.ranges, kotlin.system, kotlin.concurrent.internal, kotlin.annotation, kotlin.time, kotlin.streams.jdk8, kotlin.jvm.jdk8, kotlin.io.path, kotlin.internal, kotlin.collections, kotlin.coroutines.cancellation, kotlin.random.jdk8, kotlin.contracts, kotlin.time.jdk8, kotlin.collections.unsigned, kotlin.uuid, kotlin.math, kotlin.internal.jdk7, kotlin.concurrent, kotlin.internal.jdk8, kotlin.coroutines.intrinsics, kotlin.io, kotlin.coroutines, kotlin, kotlin.jvm.optionals, kotlin.text, kotlin.jvm.internal, kotlin.jvm, kotlin.collections.builders, kotlin.concurrent.atomics, kotlin.comparisons, kotlin.jvm.functions, META-INF.versions.9, kotlin.properties, kotlin.sequences, kotlin.reflect, kotlin.random, kotlin.jvm.internal.unsafe, kotlin.text.jdk8, kotlin.jdk7, kotlin.jvm.internal.markers, kotlin.enums
[Architectury Transformer DEBUG] Closed File Systems for C:\Users\DanUn\.gradle\caches\modules-2\files-2.1\org.jetbrains.kotlin\kotlin-stdlib\2.2.20\5380b19fa1924399b62ce3a1faffebb2b4f82272\kotlin-stdlib-2.2.20.jar
[Architectury Transformer DEBUG] Temporary jar [C:\Users\DanUn\AppData\Local\Temp\17766560698304389931.jar] contains packages: org.intellij.lang.annotations, org.jetbrains.annotations
[Architectury Transformer DEBUG] Closed File Systems for C:\Users\DanUn\.gradle\caches\modules-2\files-2.1\org.jetbrains\annotations\13.0\919f0dfe192fb4e063e7dacadee7f8bb9a2672a9\annotations-13.0.jar
[Architectury Transformer DEBUG] Temporary jar [C:\Users\DanUn\AppData\Local\Temp\6300583028176403323.jar] contains packages: net.dan2026.cobblemonhammers.common.items.tiers, net.dan2026.cobblemonhammers.common.events, net.dan2026.cobblemonhammers.common.registry, net.dan2026.cobblemonhammers.common.items.tools.hammers, net.dan2026.cobblemonhammers.common
[Architectury Transformer DEBUG] Closed File Systems for C:\Users\DanUn\Desktop\Projects\Java\Minecraft\CobblemonHammers\common\build\devlibs\common-1.0.0-SNAPSHOT-dev.jar
[Architectury Transformer DEBUG] Classpath entry [C:\Users\DanUn\Desktop\Projects\Java\Minecraft\CobblemonHammers\fabric\build\classes\java\main] contains packages: net.dan2026.cobblemonhammers.fabric
[Architectury Transformer DEBUG] Classpath entry [C:\Users\DanUn\Desktop\Projects\Java\Minecraft\CobblemonHammers\fabric\build\resources\main] contains packages: 
[Architectury Transformer DEBUG] Transforming from kotlin/jvm/internal/Intrinsics.class to kotlin/jvm/internal/Intrinsics.class with 5 transformer(s) on dev.architectury.transformer.handler.TinyRemapperPreparedTransformerHandler
[Architectury Transformer DEBUG] Found class transformer
[Architectury Transformer DEBUG] Writing kotlin/jvm/internal/Intrinsics with maxs=true frames=true
[Architectury Transformer DEBUG] Transformed kotlin/jvm/internal/Intrinsics in 1.659 ms
[Architectury Transformer DEBUG] Transforming from kotlin/KotlinNullPointerException.class to kotlin/KotlinNullPointerException.class with 5 transformer(s) on dev.architectury.transformer.handler.TinyRemapperPreparedTransformerHandler
[Architectury Transformer DEBUG] Found class transformer
[Architectury Transformer DEBUG] Writing kotlin/KotlinNullPointerException with maxs=true frames=true
[Architectury Transformer DEBUG] Transformed kotlin/KotlinNullPointerException in 218.9 μs
[Architectury Transformer DEBUG] Transforming from kotlin/UninitializedPropertyAccessException.class to kotlin/UninitializedPropertyAccessException.class with 5 transformer(s) on dev.architectury.transformer.handler.TinyRemapperPreparedTransformerHandler
[Architectury Transformer DEBUG] Found class transformer
[Architectury Transformer DEBUG] Writing kotlin/UninitializedPropertyAccessException with maxs=true frames=true
[Architectury Transformer DEBUG] Transformed kotlin/UninitializedPropertyAccessException in 178.7 μs
[Architectury Transformer DEBUG] Transforming from kotlin/jvm/internal/markers/KMappedMarker.class to kotlin/jvm/internal/markers/KMappedMarker.class with 5 transformer(s) on dev.architectury.transformer.handler.TinyRemapperPreparedTransformerHandler
[Architectury Transformer DEBUG] Found class transformer
[Architectury Transformer DEBUG] Writing kotlin/jvm/internal/markers/KMappedMarker with maxs=true frames=true
[Architectury Transformer DEBUG] Transformed kotlin/jvm/internal/markers/KMappedMarker in 384.9 μs
[Architectury Transformer DEBUG] Transforming from kotlin/NoWhenBranchMatchedException.class to kotlin/NoWhenBranchMatchedException.class with 5 transformer(s) on dev.architectury.transformer.handler.TinyRemapperPreparedTransformerHandler
[Architectury Transformer DEBUG] Found class transformer
[Architectury Transformer DEBUG] Writing kotlin/NoWhenBranchMatchedException with maxs=true frames=true
[Architectury Transformer DEBUG] Transformed kotlin/NoWhenBranchMatchedException in 419.3 μs
[Architectury Transformer DEBUG] Transforming from kotlin/enums/EnumEntriesKt.class to kotlin/enums/EnumEntriesKt.class with 5 transformer(s) on dev.architectury.transformer.handler.TinyRemapperPreparedTransformerHandler
[Architectury Transformer DEBUG] Found class transformer
[Architectury Transformer DEBUG] Writing kotlin/enums/EnumEntriesKt with maxs=true frames=true
[Architectury Transformer DEBUG] Transformed kotlin/enums/EnumEntriesKt in 397.3 μs
[Architectury Transformer DEBUG] Transforming from kotlin/NotImplementedError.class to kotlin/NotImplementedError.class with 5 transformer(s) on dev.architectury.transformer.handler.TinyRemapperPreparedTransformerHandler
[Architectury Transformer DEBUG] Found class transformer
[Architectury Transformer DEBUG] Writing kotlin/NotImplementedError with maxs=true frames=true
[Architectury Transformer DEBUG] Transformed kotlin/NotImplementedError in 142.9 μs
[Architectury Transformer DEBUG] Transforming from kotlin/enums/EnumEntriesList.class to kotlin/enums/EnumEntriesList.class with 5 transformer(s) on dev.architectury.transformer.handler.TinyRemapperPreparedTransformerHandler
[Architectury Transformer DEBUG] Found class transformer
[Architectury Transformer DEBUG] Writing kotlin/enums/EnumEntriesList with maxs=true frames=true
[Architectury Transformer DEBUG] Transformed kotlin/enums/EnumEntriesList in 298.1 μs
[Architectury Transformer DEBUG] Transforming from kotlin/enums/EnumEntries.class to kotlin/enums/EnumEntries.class with 5 transformer(s) on dev.architectury.transformer.handler.TinyRemapperPreparedTransformerHandler
[Architectury Transformer DEBUG] Found class transformer
[Architectury Transformer DEBUG] Writing kotlin/enums/EnumEntries with maxs=true frames=true
[Architectury Transformer DEBUG] Transformed kotlin/enums/EnumEntries in 85.30 μs
[Architectury Transformer DEBUG] Transforming from kotlin/collections/AbstractList.class to kotlin/collections/AbstractList.class with 5 transformer(s) on dev.architectury.transformer.handler.TinyRemapperPreparedTransformerHandler
[Architectury Transformer DEBUG] Found class transformer
[Architectury Transformer DEBUG] Writing kotlin/collections/AbstractList with maxs=true frames=true
[Architectury Transformer DEBUG] Transformed kotlin/collections/AbstractList in 257.1 μs
[Architectury Transformer DEBUG] Transforming from kotlin/collections/AbstractCollection.class to kotlin/collections/AbstractCollection.class with 5 transformer(s) on dev.architectury.transformer.handler.TinyRemapperPreparedTransformerHandler
[Architectury Transformer DEBUG] Found class transformer
[Architectury Transformer DEBUG] Writing kotlin/collections/AbstractCollection with maxs=true frames=true
[Architectury Transformer DEBUG] Transformed kotlin/collections/AbstractCollection in 435.2 μs
[Architectury Transformer DEBUG] Transforming from kotlin/collections/AbstractList$Companion.class to kotlin/collections/AbstractList$Companion.class with 5 transformer(s) on dev.architectury.transformer.handler.TinyRemapperPreparedTransformerHandler
[Architectury Transformer DEBUG] Found class transformer
[Architectury Transformer DEBUG] Writing kotlin/collections/AbstractList$Companion with maxs=true frames=true
[Architectury Transformer DEBUG] Transformed kotlin/collections/AbstractList$Companion in 262.2 μs
[Architectury Transformer DEBUG] Transforming from kotlin/reflect/KProperty.class to kotlin/reflect/KProperty.class with 5 transformer(s) on dev.architectury.transformer.handler.TinyRemapperPreparedTransformerHandler
[Architectury Transformer DEBUG] Found class transformer
[Architectury Transformer DEBUG] Writing kotlin/reflect/KProperty with maxs=true frames=true
[Architectury Transformer DEBUG] Transformed kotlin/reflect/KProperty in 283.7 μs
[Architectury Transformer DEBUG] Transforming from kotlin/reflect/KCallable.class to kotlin/reflect/KCallable.class with 5 transformer(s) on dev.architectury.transformer.handler.TinyRemapperPreparedTransformerHandler
[Architectury Transformer DEBUG] Found class transformer
[Architectury Transformer DEBUG] Writing kotlin/reflect/KCallable with maxs=true frames=true
[Architectury Transformer DEBUG] Transformed kotlin/reflect/KCallable in 161.7 μs
[Architectury Transformer DEBUG] Transforming from kotlin/reflect/KAnnotatedElement.class to kotlin/reflect/KAnnotatedElement.class with 5 transformer(s) on dev.architectury.transformer.handler.TinyRemapperPreparedTransformerHandler
[Architectury Transformer DEBUG] Found class transformer
[Architectury Transformer DEBUG] Writing kotlin/reflect/KAnnotatedElement with maxs=true frames=true
[Architectury Transformer DEBUG] Transformed kotlin/reflect/KAnnotatedElement in 87.10 μs
[Architectury Transformer DEBUG] Transforming from kotlin/jvm/internal/MutablePropertyReference1Impl.class to kotlin/jvm/internal/MutablePropertyReference1Impl.class with 5 transformer(s) on dev.architectury.transformer.handler.TinyRemapperPreparedTransformerHandler
[Architectury Transformer DEBUG] Found class transformer
[Architectury Transformer DEBUG] Writing kotlin/jvm/internal/MutablePropertyReference1Impl with maxs=true frames=true
[Architectury Transformer DEBUG] Transformed kotlin/jvm/internal/MutablePropertyReference1Impl in 133.2 μs
[Architectury Transformer DEBUG] Transforming from kotlin/jvm/internal/MutablePropertyReference1.class to kotlin/jvm/internal/MutablePropertyReference1.class with 5 transformer(s) on dev.architectury.transformer.handler.TinyRemapperPreparedTransformerHandler
[Architectury Transformer DEBUG] Found class transformer
[Architectury Transformer DEBUG] Writing kotlin/jvm/internal/MutablePropertyReference1 with maxs=true frames=true
[Architectury Transformer DEBUG] Transformed kotlin/jvm/internal/MutablePropertyReference1 in 116.0 μs
[Architectury Transformer DEBUG] Transforming from kotlin/reflect/KMutableProperty1.class to kotlin/reflect/KMutableProperty1.class with 5 transformer(s) on dev.architectury.transformer.handler.TinyRemapperPreparedTransformerHandler
[Architectury Transformer DEBUG] Found class transformer
[Architectury Transformer DEBUG] Writing kotlin/reflect/KMutableProperty1 with maxs=true frames=true
[Architectury Transformer DEBUG] Transformed kotlin/reflect/KMutableProperty1 in 102.9 μs
[Architectury Transformer DEBUG] Transforming from kotlin/reflect/KProperty1.class to kotlin/reflect/KProperty1.class with 5 transformer(s) on dev.architectury.transformer.handler.TinyRemapperPreparedTransformerHandler
[Architectury Transformer DEBUG] Found class transformer
[Architectury Transformer DEBUG] Writing kotlin/reflect/KProperty1 with maxs=true frames=true
[Architectury Transformer DEBUG] Transformed kotlin/reflect/KProperty1 in 107.1 μs
[Architectury Transformer DEBUG] Transforming from kotlin/jvm/functions/Function1.class to kotlin/jvm/functions/Function1.class with 5 transformer(s) on dev.architectury.transformer.handler.TinyRemapperPreparedTransformerHandler
[Architectury Transformer DEBUG] Found class transformer
[Architectury Transformer DEBUG] Writing kotlin/jvm/functions/Function1 with maxs=true frames=true
[Architectury Transformer DEBUG] Transformed kotlin/jvm/functions/Function1 in 90.30 μs
[Architectury Transformer DEBUG] Transforming from kotlin/Function.class to kotlin/Function.class with 5 transformer(s) on dev.architectury.transformer.handler.TinyRemapperPreparedTransformerHandler
[Architectury Transformer DEBUG] Found class transformer
[Architectury Transformer DEBUG] Writing kotlin/Function with maxs=true frames=true
[Architectury Transformer DEBUG] Transformed kotlin/Function in 72.90 μs
[Architectury Transformer DEBUG] Transforming from kotlin/reflect/KMutableProperty.class to kotlin/reflect/KMutableProperty.class with 5 transformer(s) on dev.architectury.transformer.handler.TinyRemapperPreparedTransformerHandler
[Architectury Transformer DEBUG] Found class transformer
[Architectury Transformer DEBUG] Writing kotlin/reflect/KMutableProperty with maxs=true frames=true
[Architectury Transformer DEBUG] Transformed kotlin/reflect/KMutableProperty in 91.30 μs
[Architectury Transformer DEBUG] Transforming from kotlin/jvm/internal/MutablePropertyReference.class to kotlin/jvm/internal/MutablePropertyReference.class with 5 transformer(s) on dev.architectury.transformer.handler.TinyRemapperPreparedTransformerHandler
[Architectury Transformer DEBUG] Found class transformer
[Architectury Transformer DEBUG] Writing kotlin/jvm/internal/MutablePropertyReference with maxs=true frames=true
[Architectury Transformer DEBUG] Transformed kotlin/jvm/internal/MutablePropertyReference in 92.60 μs
[Architectury Transformer DEBUG] Transforming from kotlin/jvm/internal/PropertyReference.class to kotlin/jvm/internal/PropertyReference.class with 5 transformer(s) on dev.architectury.transformer.handler.TinyRemapperPreparedTransformerHandler
[Architectury Transformer DEBUG] Found class transformer
[Architectury Transformer DEBUG] Writing kotlin/jvm/internal/PropertyReference with maxs=true frames=true
[Architectury Transformer DEBUG] Transformed kotlin/jvm/internal/PropertyReference in 217.8 μs
[Architectury Transformer DEBUG] Transforming from kotlin/jvm/internal/CallableReference.class to kotlin/jvm/internal/CallableReference.class with 5 transformer(s) on dev.architectury.transformer.handler.TinyRemapperPreparedTransformerHandler
[Architectury Transformer DEBUG] Found class transformer
[Architectury Transformer DEBUG] Writing kotlin/jvm/internal/CallableReference with maxs=true frames=true
[Architectury Transformer DEBUG] Transformed kotlin/jvm/internal/CallableReference in 190.8 μs
[Architectury Transformer DEBUG] Transforming from kotlin/reflect/KDeclarationContainer.class to kotlin/reflect/KDeclarationContainer.class with 5 transformer(s) on dev.architectury.transformer.handler.TinyRemapperPreparedTransformerHandler
[Architectury Transformer DEBUG] Found class transformer
[Architectury Transformer DEBUG] Writing kotlin/reflect/KDeclarationContainer with maxs=true frames=true
[Architectury Transformer DEBUG] Transformed kotlin/reflect/KDeclarationContainer in 113.4 μs
[Architectury Transformer DEBUG] Transforming from kotlin/jvm/KotlinReflectionNotSupportedError.class to kotlin/jvm/KotlinReflectionNotSupportedError.class with 5 transformer(s) on dev.architectury.transformer.handler.TinyRemapperPreparedTransformerHandler
[Architectury Transformer DEBUG] Found class transformer
[Architectury Transformer DEBUG] Writing kotlin/jvm/KotlinReflectionNotSupportedError with maxs=true frames=true
[Architectury Transformer DEBUG] Transformed kotlin/jvm/KotlinReflectionNotSupportedError in 112.2 μs
[Architectury Transformer DEBUG] Transforming from kotlin/reflect/KProperty$Getter.class to kotlin/reflect/KProperty$Getter.class with 5 transformer(s) on dev.architectury.transformer.handler.TinyRemapperPreparedTransformerHandler
[Architectury Transformer DEBUG] Found class transformer
[Architectury Transformer DEBUG] Writing kotlin/reflect/KProperty$Getter with maxs=true frames=true
[Architectury Transformer DEBUG] Transformed kotlin/reflect/KProperty$Getter in 98.10 μs
[Architectury Transformer DEBUG] Transforming from kotlin/reflect/KProperty$Accessor.class to kotlin/reflect/KProperty$Accessor.class with 5 transformer(s) on dev.architectury.transformer.handler.TinyRemapperPreparedTransformerHandler
[Architectury Transformer DEBUG] Found class transformer
[Architectury Transformer DEBUG] Writing kotlin/reflect/KProperty$Accessor with maxs=true frames=true
[Architectury Transformer DEBUG] Transformed kotlin/reflect/KProperty$Accessor in 92.10 μs
[Architectury Transformer DEBUG] Transforming from kotlin/reflect/KFunction.class to kotlin/reflect/KFunction.class with 5 transformer(s) on dev.architectury.transformer.handler.TinyRemapperPreparedTransformerHandler
[Architectury Transformer DEBUG] Found class transformer
[Architectury Transformer DEBUG] Writing kotlin/reflect/KFunction with maxs=true frames=true
[Architectury Transformer DEBUG] Transformed kotlin/reflect/KFunction in 93.50 μs
[Architectury Transformer DEBUG] Transforming from kotlin/reflect/KMutableProperty$Setter.class to kotlin/reflect/KMutableProperty$Setter.class with 5 transformer(s) on dev.architectury.transformer.handler.TinyRemapperPreparedTransformerHandler
[Architectury Transformer DEBUG] Found class transformer
[Architectury Transformer DEBUG] Writing kotlin/reflect/KMutableProperty$Setter with maxs=true frames=true
[Architectury Transformer DEBUG] Transformed kotlin/reflect/KMutableProperty$Setter in 79.40 μs
[Architectury Transformer DEBUG] Transforming from kotlin/jvm/internal/CallableReference$NoReceiver.class to kotlin/jvm/internal/CallableReference$NoReceiver.class with 5 transformer(s) on dev.architectury.transformer.handler.TinyRemapperPreparedTransformerHandler
[Architectury Transformer DEBUG] Found class transformer
[Architectury Transformer DEBUG] Writing kotlin/jvm/internal/CallableReference$NoReceiver with maxs=true frames=true
[Architectury Transformer DEBUG] Transformed kotlin/jvm/internal/CallableReference$NoReceiver in 89.50 μs
[Architectury Transformer DEBUG] Transforming from kotlin/jvm/internal/Reflection.class to kotlin/jvm/internal/Reflection.class with 5 transformer(s) on dev.architectury.transformer.handler.TinyRemapperPreparedTransformerHandler
[Architectury Transformer DEBUG] Found class transformer
[Architectury Transformer DEBUG] Writing kotlin/jvm/internal/Reflection with maxs=true frames=true
[Architectury Transformer DEBUG] Transformed kotlin/jvm/internal/Reflection in 291.5 μs
[Architectury Transformer DEBUG] Transforming from kotlin/reflect/KClassifier.class to kotlin/reflect/KClassifier.class with 5 transformer(s) on dev.architectury.transformer.handler.TinyRemapperPreparedTransformerHandler
[Architectury Transformer DEBUG] Found class transformer
[Architectury Transformer DEBUG] Writing kotlin/reflect/KClassifier with maxs=true frames=true
[Architectury Transformer DEBUG] Transformed kotlin/reflect/KClassifier in 83.00 μs
[Architectury Transformer DEBUG] Transforming from kotlin/jvm/internal/ReflectionFactory.class to kotlin/jvm/internal/ReflectionFactory.class with 5 transformer(s) on dev.architectury.transformer.handler.TinyRemapperPreparedTransformerHandler
[Architectury Transformer DEBUG] Found class transformer
[Architectury Transformer DEBUG] Writing kotlin/jvm/internal/ReflectionFactory with maxs=true frames=true
[Architectury Transformer DEBUG] Transformed kotlin/jvm/internal/ReflectionFactory in 215.1 μs
[Architectury Transformer DEBUG] Transforming from kotlin/reflect/KClass.class to kotlin/reflect/KClass.class with 5 transformer(s) on dev.architectury.transformer.handler.TinyRemapperPreparedTransformerHandler
[Architectury Transformer DEBUG] Found class transformer
[Architectury Transformer DEBUG] Writing kotlin/reflect/KClass with maxs=true frames=true
[Architectury Transformer DEBUG] Transformed kotlin/reflect/KClass in 171.2 μs
[Architectury Transformer DEBUG] Transforming from kotlin/reflect/KType.class to kotlin/reflect/KType.class with 5 transformer(s) on dev.architectury.transformer.handler.TinyRemapperPreparedTransformerHandler
[Architectury Transformer DEBUG] Found class transformer
[Architectury Transformer DEBUG] Writing kotlin/reflect/KType with maxs=true frames=true
[Architectury Transformer DEBUG] Transformed kotlin/reflect/KType in 105.0 μs
[Architectury Transformer DEBUG] Transforming from kotlin/jvm/internal/FunctionBase.class to kotlin/jvm/internal/FunctionBase.class with 5 transformer(s) on dev.architectury.transformer.handler.TinyRemapperPreparedTransformerHandler
[Architectury Transformer DEBUG] Found class transformer
[Architectury Transformer DEBUG] Writing kotlin/jvm/internal/FunctionBase with maxs=true frames=true
[Architectury Transformer DEBUG] Transformed kotlin/jvm/internal/FunctionBase in 85.10 μs
[Architectury Transformer DEBUG] Transforming from kotlin/reflect/KProperty0.class to kotlin/reflect/KProperty0.class with 5 transformer(s) on dev.architectury.transformer.handler.TinyRemapperPreparedTransformerHandler
[Architectury Transformer DEBUG] Found class transformer
[Architectury Transformer DEBUG] Writing kotlin/reflect/KProperty0 with maxs=true frames=true
[Architectury Transformer DEBUG] Transformed kotlin/reflect/KProperty0 in 100.6 μs
[Architectury Transformer DEBUG] Transforming from kotlin/jvm/functions/Function0.class to kotlin/jvm/functions/Function0.class with 5 transformer(s) on dev.architectury.transformer.handler.TinyRemapperPreparedTransformerHandler
[Architectury Transformer DEBUG] Found class transformer
[Architectury Transformer DEBUG] Writing kotlin/jvm/functions/Function0 with maxs=true frames=true
[Architectury Transformer DEBUG] Transformed kotlin/jvm/functions/Function0 in 78.80 μs
[Architectury Transformer DEBUG] Transforming from kotlin/reflect/KProperty2.class to kotlin/reflect/KProperty2.class with 5 transformer(s) on dev.architectury.transformer.handler.TinyRemapperPreparedTransformerHandler
[Architectury Transformer DEBUG] Found class transformer
[Architectury Transformer DEBUG] Writing kotlin/reflect/KProperty2 with maxs=true frames=true
[Architectury Transformer DEBUG] Transformed kotlin/reflect/KProperty2 in 104.3 μs
[Architectury Transformer DEBUG] Transforming from kotlin/jvm/functions/Function2.class to kotlin/jvm/functions/Function2.class with 5 transformer(s) on dev.architectury.transformer.handler.TinyRemapperPreparedTransformerHandler
[Architectury Transformer DEBUG] Found class transformer
[Architectury Transformer DEBUG] Writing kotlin/jvm/functions/Function2 with maxs=true frames=true
[Architectury Transformer DEBUG] Transformed kotlin/jvm/functions/Function2 in 82.00 μs
[Architectury Transformer DEBUG] Transforming from kotlin/reflect/KMutableProperty2.class to kotlin/reflect/KMutableProperty2.class with 5 transformer(s) on dev.architectury.transformer.handler.TinyRemapperPreparedTransformerHandler
[Architectury Transformer DEBUG] Found class transformer
[Architectury Transformer DEBUG] Writing kotlin/reflect/KMutableProperty2 with maxs=true frames=true
[Architectury Transformer DEBUG] Transformed kotlin/reflect/KMutableProperty2 in 96.70 μs
[Architectury Transformer DEBUG] Transforming from kotlin/reflect/KTypeParameter.class to kotlin/reflect/KTypeParameter.class with 5 transformer(s) on dev.architectury.transformer.handler.TinyRemapperPreparedTransformerHandler
[Architectury Transformer DEBUG] Found class transformer
[Architectury Transformer DEBUG] Writing kotlin/reflect/KTypeParameter with maxs=true frames=true
[Architectury Transformer DEBUG] Transformed kotlin/reflect/KTypeParameter in 94.90 μs
[Architectury Transformer DEBUG] Transforming from kotlin/reflect/KMutableProperty0.class to kotlin/reflect/KMutableProperty0.class with 5 transformer(s) on dev.architectury.transformer.handler.TinyRemapperPreparedTransformerHandler
[Architectury Transformer DEBUG] Found class transformer
[Architectury Transformer DEBUG] Writing kotlin/reflect/KMutableProperty0 with maxs=true frames=true
[Architectury Transformer DEBUG] Transformed kotlin/reflect/KMutableProperty0 in 98.30 μs
[Architectury Transformer DEBUG] Transforming from kotlin/jvm/internal/FunctionReference.class to kotlin/jvm/internal/FunctionReference.class with 5 transformer(s) on dev.architectury.transformer.handler.TinyRemapperPreparedTransformerHandler
[Architectury Transformer DEBUG] Found class transformer
[Architectury Transformer DEBUG] Writing kotlin/jvm/internal/FunctionReference with maxs=true frames=true
[Architectury Transformer DEBUG] Transformed kotlin/jvm/internal/FunctionReference in 186.4 μs
[Architectury Transformer DEBUG] Transforming from kotlin/jvm/internal/ClassBasedDeclarationContainer.class to kotlin/jvm/internal/ClassBasedDeclarationContainer.class with 5 transformer(s) on dev.architectury.transformer.handler.TinyRemapperPreparedTransformerHandler
[Architectury Transformer DEBUG] Found class transformer
[Architectury Transformer DEBUG] Writing kotlin/jvm/internal/ClassBasedDeclarationContainer with maxs=true frames=true
[Architectury Transformer DEBUG] Transformed kotlin/jvm/internal/ClassBasedDeclarationContainer in 91.10 μs
[Architectury Transformer DEBUG] Transforming from kotlin/jvm/internal/PropertyReference0.class to kotlin/jvm/internal/PropertyReference0.class with 5 transformer(s) on dev.architectury.transformer.handler.TinyRemapperPreparedTransformerHandler
[Architectury Transformer DEBUG] Found class transformer
[Architectury Transformer DEBUG] Writing kotlin/jvm/internal/PropertyReference0 with maxs=true frames=true
[Architectury Transformer DEBUG] Transformed kotlin/jvm/internal/PropertyReference0 in 249.2 μs
[Architectury Transformer DEBUG] Transforming from kotlin/jvm/internal/PropertyReference1.class to kotlin/jvm/internal/PropertyReference1.class with 5 transformer(s) on dev.architectury.transformer.handler.TinyRemapperPreparedTransformerHandler
[Architectury Transformer DEBUG] Found class transformer
[Architectury Transformer DEBUG] Writing kotlin/jvm/internal/PropertyReference1 with maxs=true frames=true
[Architectury Transformer DEBUG] Transformed kotlin/jvm/internal/PropertyReference1 in 103.5 μs
[Architectury Transformer DEBUG] Transforming from kotlin/jvm/internal/PropertyReference2.class to kotlin/jvm/internal/PropertyReference2.class with 5 transformer(s) on dev.architectury.transformer.handler.TinyRemapperPreparedTransformerHandler
[Architectury Transformer DEBUG] Found class transformer
[Architectury Transformer DEBUG] Writing kotlin/jvm/internal/PropertyReference2 with maxs=true frames=true
[Architectury Transformer DEBUG] Transformed kotlin/jvm/internal/PropertyReference2 in 115.3 μs
[Architectury Transformer DEBUG] Transforming from kotlin/jvm/internal/MutablePropertyReference2.class to kotlin/jvm/internal/MutablePropertyReference2.class with 5 transformer(s) on dev.architectury.transformer.handler.TinyRemapperPreparedTransformerHandler
[Architectury Transformer DEBUG] Found class transformer
[Architectury Transformer DEBUG] Writing kotlin/jvm/internal/MutablePropertyReference2 with maxs=true frames=true
[Architectury Transformer DEBUG] Transformed kotlin/jvm/internal/MutablePropertyReference2 in 104.4 μs
[Architectury Transformer DEBUG] Transforming from kotlin/jvm/internal/MutablePropertyReference0.class to kotlin/jvm/internal/MutablePropertyReference0.class with 5 transformer(s) on dev.architectury.transformer.handler.TinyRemapperPreparedTransformerHandler
[Architectury Transformer DEBUG] Found class transformer
[Architectury Transformer DEBUG] Writing kotlin/jvm/internal/MutablePropertyReference0 with maxs=true frames=true
[Architectury Transformer DEBUG] Transformed kotlin/jvm/internal/MutablePropertyReference0 in 104.1 μs
[Architectury Transformer DEBUG] Transforming from kotlin/Result.class to kotlin/Result.class with 5 transformer(s) on dev.architectury.transformer.handler.TinyRemapperPreparedTransformerHandler
[Architectury Transformer DEBUG] Found class transformer
[Architectury Transformer DEBUG] Writing kotlin/Result with maxs=true frames=true
[Architectury Transformer DEBUG] Transformed kotlin/Result in 374.6 μs
[Architectury Transformer DEBUG] Transforming from kotlin/Result$Companion.class to kotlin/Result$Companion.class with 5 transformer(s) on dev.architectury.transformer.handler.TinyRemapperPreparedTransformerHandler
[Architectury Transformer DEBUG] Found class transformer
[Architectury Transformer DEBUG] Writing kotlin/Result$Companion with maxs=true frames=true
[Architectury Transformer DEBUG] Transformed kotlin/Result$Companion in 122.7 μs
[Architectury Transformer DEBUG] Transforming from kotlin/Result$Failure.class to kotlin/Result$Failure.class with 5 transformer(s) on dev.architectury.transformer.handler.TinyRemapperPreparedTransformerHandler
[Architectury Transformer DEBUG] Found class transformer
[Architectury Transformer DEBUG] Writing kotlin/Result$Failure with maxs=true frames=true
[Architectury Transformer DEBUG] Transformed kotlin/Result$Failure in 126.3 μs
[Architectury Transformer DEBUG] Transforming from kotlin/jvm/internal/DefaultConstructorMarker.class to kotlin/jvm/internal/DefaultConstructorMarker.class with 5 transformer(s) on dev.architectury.transformer.handler.TinyRemapperPreparedTransformerHandler
[Architectury Transformer DEBUG] Found class transformer
[Architectury Transformer DEBUG] Writing kotlin/jvm/internal/DefaultConstructorMarker with maxs=true frames=true
[Architectury Transformer DEBUG] Transformed kotlin/jvm/internal/DefaultConstructorMarker in 153.3 μs
[Architectury Transformer DEBUG] Transforming from kotlin/text/Regex.class to kotlin/text/Regex.class with 5 transformer(s) on dev.architectury.transformer.handler.TinyRemapperPreparedTransformerHandler
[Architectury Transformer DEBUG] Found class transformer
[Architectury Transformer DEBUG] Writing kotlin/text/Regex with maxs=true frames=true
[Architectury Transformer DEBUG] Transformed kotlin/text/Regex in 570.9 μs
[Architectury Transformer DEBUG] Transforming from kotlin/text/Regex$Companion.class to kotlin/text/Regex$Companion.class with 5 transformer(s) on dev.architectury.transformer.handler.TinyRemapperPreparedTransformerHandler
[Architectury Transformer DEBUG] Found class transformer
[Architectury Transformer DEBUG] Writing kotlin/text/Regex$Companion with maxs=true frames=true
[Architectury Transformer DEBUG] Transformed kotlin/text/Regex$Companion in 149.9 μs
[Architectury Transformer DEBUG] Transforming from kotlin/collections/CollectionsKt.class to kotlin/collections/CollectionsKt.class with 5 transformer(s) on dev.architectury.transformer.handler.TinyRemapperPreparedTransformerHandler
[Architectury Transformer DEBUG] Found class transformer
[Architectury Transformer DEBUG] Writing kotlin/collections/CollectionsKt with maxs=true frames=true
[Architectury Transformer DEBUG] Transformed kotlin/collections/CollectionsKt in 117.8 μs
[Architectury Transformer DEBUG] Transforming from kotlin/collections/CollectionsKt___CollectionsKt.class to kotlin/collections/CollectionsKt___CollectionsKt.class with 5 transformer(s) on dev.architectury.transformer.handler.TinyRemapperPreparedTransformerHandler
[Architectury Transformer DEBUG] Found class transformer
[Architectury Transformer DEBUG] Writing kotlin/collections/CollectionsKt___CollectionsKt with maxs=true frames=true
[Architectury Transformer DEBUG] Transformed kotlin/collections/CollectionsKt___CollectionsKt in 3.967 ms
[Architectury Transformer DEBUG] Transforming from kotlin/collections/CollectionsKt___CollectionsJvmKt.class to kotlin/collections/CollectionsKt___CollectionsJvmKt.class with 5 transformer(s) on dev.architectury.transformer.handler.TinyRemapperPreparedTransformerHandler
[Architectury Transformer DEBUG] Found class transformer
[Architectury Transformer DEBUG] Writing kotlin/collections/CollectionsKt___CollectionsJvmKt with maxs=true frames=true
[Architectury Transformer DEBUG] Transformed kotlin/collections/CollectionsKt___CollectionsJvmKt in 365.7 μs
[Architectury Transformer DEBUG] Transforming from kotlin/collections/CollectionsKt__ReversedViewsKt.class to kotlin/collections/CollectionsKt__ReversedViewsKt.class with 5 transformer(s) on dev.architectury.transformer.handler.TinyRemapperPreparedTransformerHandler
[Architectury Transformer DEBUG] Found class transformer
[Architectury Transformer DEBUG] Writing kotlin/collections/CollectionsKt__ReversedViewsKt with maxs=true frames=true
[Architectury Transformer DEBUG] Transformed kotlin/collections/CollectionsKt__ReversedViewsKt in 169.7 μs
[Architectury Transformer DEBUG] Transforming from kotlin/collections/CollectionsKt__MutableCollectionsKt.class to kotlin/collections/CollectionsKt__MutableCollectionsKt.class with 5 transformer(s) on dev.architectury.transformer.handler.TinyRemapperPreparedTransformerHandler
[Architectury Transformer DEBUG] Found class transformer
[Architectury Transformer DEBUG] Writing kotlin/collections/CollectionsKt__MutableCollectionsKt with maxs=true frames=true
[Architectury Transformer DEBUG] Transformed kotlin/collections/CollectionsKt__MutableCollectionsKt in 380.2 μs
[Architectury Transformer DEBUG] Transforming from kotlin/collections/CollectionsKt__MutableCollectionsJVMKt.class to kotlin/collections/CollectionsKt__MutableCollectionsJVMKt.class with 5 transformer(s) on dev.architectury.transformer.handler.TinyRemapperPreparedTransformerHandler
[Architectury Transformer DEBUG] Found class transformer
[Architectury Transformer DEBUG] Writing kotlin/collections/CollectionsKt__MutableCollectionsJVMKt with maxs=true frames=true
[Architectury Transformer DEBUG] Transformed kotlin/collections/CollectionsKt__MutableCollectionsJVMKt in 177.8 μs
[Architectury Transformer DEBUG] Transforming from kotlin/collections/CollectionsKt__IteratorsKt.class to kotlin/collections/CollectionsKt__IteratorsKt.class with 5 transformer(s) on dev.architectury.transformer.handler.TinyRemapperPreparedTransformerHandler
[Architectury Transformer DEBUG] Found class transformer
[Architectury Transformer DEBUG] Writing kotlin/collections/CollectionsKt__IteratorsKt with maxs=true frames=true
[Architectury Transformer DEBUG] Transformed kotlin/collections/CollectionsKt__IteratorsKt in 140.9 μs
[Architectury Transformer DEBUG] Transforming from kotlin/collections/CollectionsKt__IteratorsJVMKt.class to kotlin/collections/CollectionsKt__IteratorsJVMKt.class with 5 transformer(s) on dev.architectury.transformer.handler.TinyRemapperPreparedTransformerHandler
[Architectury Transformer DEBUG] Found class transformer
[Architectury Transformer DEBUG] Writing kotlin/collections/CollectionsKt__IteratorsJVMKt with maxs=true frames=true
[Architectury Transformer DEBUG] Transformed kotlin/collections/CollectionsKt__IteratorsJVMKt in 100.4 μs
[Architectury Transformer DEBUG] Transforming from kotlin/collections/CollectionsKt__IterablesKt.class to kotlin/collections/CollectionsKt__IterablesKt.class with 5 transformer(s) on dev.architectury.transformer.handler.TinyRemapperPreparedTransformerHandler
[Architectury Transformer DEBUG] Found class transformer
[Architectury Transformer DEBUG] Writing kotlin/collections/CollectionsKt__IterablesKt with maxs=true frames=true
[Architectury Transformer DEBUG] Transformed kotlin/collections/CollectionsKt__IterablesKt in 166.9 μs
[Architectury Transformer DEBUG] Transforming from kotlin/collections/CollectionsKt__CollectionsKt.class to kotlin/collections/CollectionsKt__CollectionsKt.class with 5 transformer(s) on dev.architectury.transformer.handler.TinyRemapperPreparedTransformerHandler
[Architectury Transformer DEBUG] Found class transformer
[Architectury Transformer DEBUG] Writing kotlin/collections/CollectionsKt__CollectionsKt with maxs=true frames=true
[Architectury Transformer DEBUG] Transformed kotlin/collections/CollectionsKt__CollectionsKt in 469.4 μs
[Architectury Transformer DEBUG] Transforming from kotlin/collections/CollectionsKt__CollectionsJVMKt.class to kotlin/collections/CollectionsKt__CollectionsJVMKt.class with 5 transformer(s) on dev.architectury.transformer.handler.TinyRemapperPreparedTransformerHandler
[Architectury Transformer DEBUG] Found class transformer
[Architectury Transformer DEBUG] Writing kotlin/collections/CollectionsKt__CollectionsJVMKt with maxs=true frames=true
[Architectury Transformer DEBUG] Transformed kotlin/collections/CollectionsKt__CollectionsJVMKt in 302.0 μs
[Architectury Transformer DEBUG] Transforming from kotlin/collections/ArraysKt.class to kotlin/collections/ArraysKt.class with 5 transformer(s) on dev.architectury.transformer.handler.TinyRemapperPreparedTransformerHandler
[Architectury Transformer DEBUG] Found class transformer
[Architectury Transformer DEBUG] Writing kotlin/collections/ArraysKt with maxs=true frames=true
[Architectury Transformer DEBUG] Transformed kotlin/collections/ArraysKt in 81.50 μs
[Architectury Transformer DEBUG] Transforming from kotlin/collections/ArraysKt___ArraysKt.class to kotlin/collections/ArraysKt___ArraysKt.class with 5 transformer(s) on dev.architectury.transformer.handler.TinyRemapperPreparedTransformerHandler
[Architectury Transformer DEBUG] Found class transformer
[Architectury Transformer DEBUG] Writing kotlin/collections/ArraysKt___ArraysKt with maxs=true frames=true
[Architectury Transformer DEBUG] Transformed kotlin/collections/ArraysKt___ArraysKt in 22.14 ms
[Architectury Transformer DEBUG] Transforming from kotlin/collections/ArraysKt___ArraysJvmKt.class to kotlin/collections/ArraysKt___ArraysJvmKt.class with 5 transformer(s) on dev.architectury.transformer.handler.TinyRemapperPreparedTransformerHandler
[Architectury Transformer DEBUG] Found class transformer
[Architectury Transformer DEBUG] Writing kotlin/collections/ArraysKt___ArraysJvmKt with maxs=true frames=true
[Architectury Transformer DEBUG] Transformed kotlin/collections/ArraysKt___ArraysJvmKt in 3.345 ms
[Architectury Transformer DEBUG] Transforming from kotlin/collections/ArraysKt__ArraysKt.class to kotlin/collections/ArraysKt__ArraysKt.class with 5 transformer(s) on dev.architectury.transformer.handler.TinyRemapperPreparedTransformerHandler
[Architectury Transformer DEBUG] Found class transformer
[Architectury Transformer DEBUG] Writing kotlin/collections/ArraysKt__ArraysKt with maxs=true frames=true
[Architectury Transformer DEBUG] Transformed kotlin/collections/ArraysKt__ArraysKt in 417.4 μs
[Architectury Transformer DEBUG] Transforming from kotlin/collections/ArraysKt__ArraysJVMKt.class to kotlin/collections/ArraysKt__ArraysJVMKt.class with 5 transformer(s) on dev.architectury.transformer.handler.TinyRemapperPreparedTransformerHandler
[Architectury Transformer DEBUG] Found class transformer
[Architectury Transformer DEBUG] Writing kotlin/collections/ArraysKt__ArraysJVMKt with maxs=true frames=true
[Architectury Transformer DEBUG] Transformed kotlin/collections/ArraysKt__ArraysJVMKt in 171.5 μs
[Architectury Transformer DEBUG] Transforming from kotlin/collections/ArraysUtilJVM.class to kotlin/collections/ArraysUtilJVM.class with 5 transformer(s) on dev.architectury.transformer.handler.TinyRemapperPreparedTransformerHandler
[Architectury Transformer DEBUG] Found class transformer
[Architectury Transformer DEBUG] Writing kotlin/collections/ArraysUtilJVM with maxs=true frames=true
[Architectury Transformer DEBUG] Transformed kotlin/collections/ArraysUtilJVM in 90.70 μs
[Architectury Transformer DEBUG] Transforming from kotlin/_Assertions.class to kotlin/_Assertions.class with 5 transformer(s) on dev.architectury.transformer.handler.TinyRemapperPreparedTransformerHandler
[Architectury Transformer DEBUG] Found class transformer
[Architectury Transformer DEBUG] Writing kotlin/_Assertions with maxs=true frames=true
[Architectury Transformer DEBUG] Transformed kotlin/_Assertions in 161.8 μs
[Architectury Transformer DEBUG] Transforming from kotlin/LazyThreadSafetyMode.class to kotlin/LazyThreadSafetyMode.class with 5 transformer(s) on dev.architectury.transformer.handler.TinyRemapperPreparedTransformerHandler
[Architectury Transformer DEBUG] Found class transformer
[Architectury Transformer DEBUG] Writing kotlin/LazyThreadSafetyMode with maxs=true frames=true
[Architectury Transformer DEBUG] Transformed kotlin/LazyThreadSafetyMode in 129.5 μs
[Architectury Transformer DEBUG] Transforming from kotlin/LazyKt.class to kotlin/LazyKt.class with 5 transformer(s) on dev.architectury.transformer.handler.TinyRemapperPreparedTransformerHandler
[Architectury Transformer DEBUG] Found class transformer
[Architectury Transformer DEBUG] Writing kotlin/LazyKt with maxs=true frames=true
[Architectury Transformer DEBUG] Transformed kotlin/LazyKt in 102.8 μs
[Architectury Transformer DEBUG] Transforming from kotlin/LazyKt__LazyKt.class to kotlin/LazyKt__LazyKt.class with 5 transformer(s) on dev.architectury.transformer.handler.TinyRemapperPreparedTransformerHandler
[Architectury Transformer DEBUG] Found class transformer
[Architectury Transformer DEBUG] Writing kotlin/LazyKt__LazyKt with maxs=true frames=true
[Architectury Transformer DEBUG] Transformed kotlin/LazyKt__LazyKt in 131.9 μs
[Architectury Transformer DEBUG] Transforming from kotlin/LazyKt__LazyJVMKt.class to kotlin/LazyKt__LazyJVMKt.class with 5 transformer(s) on dev.architectury.transformer.handler.TinyRemapperPreparedTransformerHandler
[Architectury Transformer DEBUG] Found class transformer
[Architectury Transformer DEBUG] Writing kotlin/LazyKt__LazyJVMKt with maxs=true frames=true
[Architectury Transformer DEBUG] Transformed kotlin/LazyKt__LazyJVMKt in 177.3 μs
[Architectury Transformer DEBUG] Transforming from kotlin/LazyKt__LazyJVMKt$WhenMappings.class to kotlin/LazyKt__LazyJVMKt$WhenMappings.class with 5 transformer(s) on dev.architectury.transformer.handler.TinyRemapperPreparedTransformerHandler
[Architectury Transformer DEBUG] Found class transformer
[Architectury Transformer DEBUG] Writing kotlin/LazyKt__LazyJVMKt$WhenMappings with maxs=true frames=true
[Architectury Transformer DEBUG] Transformed kotlin/LazyKt__LazyJVMKt$WhenMappings in 125.4 μs
[Architectury Transformer DEBUG] Transforming from kotlin/SafePublicationLazyImpl.class to kotlin/SafePublicationLazyImpl.class with 5 transformer(s) on dev.architectury.transformer.handler.TinyRemapperPreparedTransformerHandler
[Architectury Transformer DEBUG] Found class transformer
[Architectury Transformer DEBUG] Writing kotlin/SafePublicationLazyImpl with maxs=true frames=true
[Architectury Transformer DEBUG] Transformed kotlin/SafePublicationLazyImpl in 177.8 μs
[Architectury Transformer DEBUG] Transforming from kotlin/Lazy.class to kotlin/Lazy.class with 5 transformer(s) on dev.architectury.transformer.handler.TinyRemapperPreparedTransformerHandler
[Architectury Transformer DEBUG] Found class transformer
[Architectury Transformer DEBUG] Writing kotlin/Lazy with maxs=true frames=true
[Architectury Transformer DEBUG] Transformed kotlin/Lazy in 82.70 μs
[Architectury Transformer DEBUG] Transforming from kotlin/SafePublicationLazyImpl$Companion.class to kotlin/SafePublicationLazyImpl$Companion.class with 5 transformer(s) on dev.architectury.transformer.handler.TinyRemapperPreparedTransformerHandler
[Architectury Transformer DEBUG] Found class transformer
[Architectury Transformer DEBUG] Writing kotlin/SafePublicationLazyImpl$Companion with maxs=true frames=true
[Architectury Transformer DEBUG] Transformed kotlin/SafePublicationLazyImpl$Companion in 85.30 μs
[Architectury Transformer DEBUG] Transforming from kotlin/UNINITIALIZED_VALUE.class to kotlin/UNINITIALIZED_VALUE.class with 5 transformer(s) on dev.architectury.transformer.handler.TinyRemapperPreparedTransformerHandler
[Architectury Transformer DEBUG] Found class transformer
[Architectury Transformer DEBUG] Writing kotlin/UNINITIALIZED_VALUE with maxs=true frames=true
[Architectury Transformer DEBUG] Transformed kotlin/UNINITIALIZED_VALUE in 141.8 μs
[Architectury Transformer DEBUG] Transforming from kotlin/Pair.class to kotlin/Pair.class with 5 transformer(s) on dev.architectury.transformer.handler.TinyRemapperPreparedTransformerHandler
[Architectury Transformer DEBUG] Found class transformer
[Architectury Transformer DEBUG] Writing kotlin/Pair with maxs=true frames=true
[Architectury Transformer DEBUG] Transformed kotlin/Pair in 268.0 μs
[Architectury Transformer DEBUG] Transforming from kotlin/TuplesKt.class to kotlin/TuplesKt.class with 5 transformer(s) on dev.architectury.transformer.handler.TinyRemapperPreparedTransformerHandler
[Architectury Transformer DEBUG] Found class transformer
[Architectury Transformer DEBUG] Writing kotlin/TuplesKt with maxs=true frames=true
[Architectury Transformer DEBUG] Transformed kotlin/TuplesKt in 149.7 μs
[Architectury Transformer DEBUG] Transforming from kotlin/collections/MapsKt.class to kotlin/collections/MapsKt.class with 5 transformer(s) on dev.architectury.transformer.handler.TinyRemapperPreparedTransformerHandler
[Architectury Transformer DEBUG] Found class transformer
[Architectury Transformer DEBUG] Writing kotlin/collections/MapsKt with maxs=true frames=true
[Architectury Transformer DEBUG] Transformed kotlin/collections/MapsKt in 74.70 μs
[Architectury Transformer DEBUG] Transforming from kotlin/collections/MapsKt___MapsKt.class to kotlin/collections/MapsKt___MapsKt.class with 5 transformer(s) on dev.architectury.transformer.handler.TinyRemapperPreparedTransformerHandler
[Architectury Transformer DEBUG] Found class transformer
[Architectury Transformer DEBUG] Writing kotlin/collections/MapsKt___MapsKt with maxs=true frames=true
[Architectury Transformer DEBUG] Transformed kotlin/collections/MapsKt___MapsKt in 687.5 μs
[Architectury Transformer DEBUG] Transforming from kotlin/collections/MapsKt___MapsJvmKt.class to kotlin/collections/MapsKt___MapsJvmKt.class with 5 transformer(s) on dev.architectury.transformer.handler.TinyRemapperPreparedTransformerHandler
[Architectury Transformer DEBUG] Found class transformer
[Architectury Transformer DEBUG] Writing kotlin/collections/MapsKt___MapsJvmKt with maxs=true frames=true
[Architectury Transformer DEBUG] Transformed kotlin/collections/MapsKt___MapsJvmKt in 249.0 μs
[Architectury Transformer DEBUG] Transforming from kotlin/collections/MapsKt__MapsKt.class to kotlin/collections/MapsKt__MapsKt.class with 5 transformer(s) on dev.architectury.transformer.handler.TinyRemapperPreparedTransformerHandler
[Architectury Transformer DEBUG] Found class transformer
[Architectury Transformer DEBUG] Writing kotlin/collections/MapsKt__MapsKt with maxs=true frames=true
[Architectury Transformer DEBUG] Transformed kotlin/collections/MapsKt__MapsKt in 790.0 μs
[Architectury Transformer DEBUG] Transforming from kotlin/collections/MapsKt__MapsJVMKt.class to kotlin/collections/MapsKt__MapsJVMKt.class with 5 transformer(s) on dev.architectury.transformer.handler.TinyRemapperPreparedTransformerHandler
[Architectury Transformer DEBUG] Found class transformer
[Architectury Transformer DEBUG] Writing kotlin/collections/MapsKt__MapsJVMKt with maxs=true frames=true
[Architectury Transformer DEBUG] Transformed kotlin/collections/MapsKt__MapsJVMKt in 381.6 μs
[Architectury Transformer DEBUG] Transforming from kotlin/collections/MapsKt__MapWithDefaultKt.class to kotlin/collections/MapsKt__MapWithDefaultKt.class with 5 transformer(s) on dev.architectury.transformer.handler.TinyRemapperPreparedTransformerHandler
[Architectury Transformer DEBUG] Found class transformer
[Architectury Transformer DEBUG] Writing kotlin/collections/MapsKt__MapWithDefaultKt with maxs=true frames=true
[Architectury Transformer DEBUG] Transformed kotlin/collections/MapsKt__MapWithDefaultKt in 265.5 μs
[Architectury Transformer DEBUG] Transforming from kotlin/collections/ArrayAsCollection.class to kotlin/collections/ArrayAsCollection.class with 5 transformer(s) on dev.architectury.transformer.handler.TinyRemapperPreparedTransformerHandler
[Architectury Transformer DEBUG] Found class transformer
[Architectury Transformer DEBUG] Writing kotlin/collections/ArrayAsCollection with maxs=true frames=true
[Architectury Transformer DEBUG] Transformed kotlin/collections/ArrayAsCollection in 345.8 μs
[Architectury Transformer DEBUG] Transforming from kotlin/Unit.class to kotlin/Unit.class with 5 transformer(s) on dev.architectury.transformer.handler.TinyRemapperPreparedTransformerHandler
[Architectury Transformer DEBUG] Found class transformer
[Architectury Transformer DEBUG] Writing kotlin/Unit with maxs=true frames=true
[Architectury Transformer DEBUG] Transformed kotlin/Unit in 157.3 μs
[Architectury Transformer DEBUG] Transforming from kotlin/properties/Delegates.class to kotlin/properties/Delegates.class with 5 transformer(s) on dev.architectury.transformer.handler.TinyRemapperPreparedTransformerHandler
[Architectury Transformer DEBUG] Found class transformer
[Architectury Transformer DEBUG] Writing kotlin/properties/Delegates with maxs=true frames=true
[Architectury Transformer DEBUG] Transformed kotlin/properties/Delegates in 197.6 μs
[Architectury Transformer DEBUG] Transforming from kotlin/properties/ObservableProperty.class to kotlin/properties/ObservableProperty.class with 5 transformer(s) on dev.architectury.transformer.handler.TinyRemapperPreparedTransformerHandler
[Architectury Transformer DEBUG] Found class transformer
[Architectury Transformer DEBUG] Writing kotlin/properties/ObservableProperty with maxs=true frames=true
[Architectury Transformer DEBUG] Transformed kotlin/properties/ObservableProperty in 211.8 μs
[Architectury Transformer DEBUG] Transforming from kotlin/properties/ReadWriteProperty.class to kotlin/properties/ReadWriteProperty.class with 5 transformer(s) on dev.architectury.transformer.handler.TinyRemapperPreparedTransformerHandler
[Architectury Transformer DEBUG] Found class transformer
[Architectury Transformer DEBUG] Writing kotlin/properties/ReadWriteProperty with maxs=true frames=true
[Architectury Transformer DEBUG] Transformed kotlin/properties/ReadWriteProperty in 108.7 μs
[Architectury Transformer DEBUG] Transforming from kotlin/properties/ReadOnlyProperty.class to kotlin/properties/ReadOnlyProperty.class with 5 transformer(s) on dev.architectury.transformer.handler.TinyRemapperPreparedTransformerHandler
[Architectury Transformer DEBUG] Found class transformer
[Architectury Transformer DEBUG] Writing kotlin/properties/ReadOnlyProperty with maxs=true frames=true
[Architectury Transformer DEBUG] Transformed kotlin/properties/ReadOnlyProperty in 126.4 μs
[Architectury Transformer DEBUG] Transforming from kotlin/ranges/RangesKt.class to kotlin/ranges/RangesKt.class with 5 transformer(s) on dev.architectury.transformer.handler.TinyRemapperPreparedTransformerHandler
[Architectury Transformer DEBUG] Found class transformer
[Architectury Transformer DEBUG] Writing kotlin/ranges/RangesKt with maxs=true frames=true
[Architectury Transformer DEBUG] Transformed kotlin/ranges/RangesKt in 95.30 μs
[Architectury Transformer DEBUG] Transforming from kotlin/ranges/RangesKt___RangesKt.class to kotlin/ranges/RangesKt___RangesKt.class with 5 transformer(s) on dev.architectury.transformer.handler.TinyRemapperPreparedTransformerHandler
[Architectury Transformer DEBUG] Found class transformer
[Architectury Transformer DEBUG] Writing kotlin/ranges/RangesKt___RangesKt with maxs=true frames=true
[Architectury Transformer DEBUG] Transformed kotlin/ranges/RangesKt___RangesKt in 972.7 μs
[Architectury Transformer DEBUG] Transforming from kotlin/ranges/RangesKt__RangesKt.class to kotlin/ranges/RangesKt__RangesKt.class with 5 transformer(s) on dev.architectury.transformer.handler.TinyRemapperPreparedTransformerHandler
[Architectury Transformer DEBUG] Found class transformer
[Architectury Transformer DEBUG] Writing kotlin/ranges/RangesKt__RangesKt with maxs=true frames=true
[Architectury Transformer DEBUG] Transformed kotlin/ranges/RangesKt__RangesKt in 181.0 μs
[Architectury Transformer DEBUG] Transforming from kotlin/collections/AbstractList$IteratorImpl.class to kotlin/collections/AbstractList$IteratorImpl.class with 5 transformer(s) on dev.architectury.transformer.handler.TinyRemapperPreparedTransformerHandler
[Architectury Transformer DEBUG] Found class transformer
[Architectury Transformer DEBUG] Writing kotlin/collections/AbstractList$IteratorImpl with maxs=true frames=true
[Architectury Transformer DEBUG] Transformed kotlin/collections/AbstractList$IteratorImpl in 149.8 μs
[Architectury Transformer DEBUG] Transforming from kotlin/collections/SetsKt.class to kotlin/collections/SetsKt.class with 5 transformer(s) on dev.architectury.transformer.handler.TinyRemapperPreparedTransformerHandler
[Architectury Transformer DEBUG] Found class transformer
[Architectury Transformer DEBUG] Writing kotlin/collections/SetsKt with maxs=true frames=true
[Architectury Transformer DEBUG] Transformed kotlin/collections/SetsKt in 91.80 μs
[Architectury Transformer DEBUG] Transforming from kotlin/collections/SetsKt___SetsKt.class to kotlin/collections/SetsKt___SetsKt.class with 5 transformer(s) on dev.architectury.transformer.handler.TinyRemapperPreparedTransformerHandler
[Architectury Transformer DEBUG] Found class transformer
[Architectury Transformer DEBUG] Writing kotlin/collections/SetsKt___SetsKt with maxs=true frames=true
[Architectury Transformer DEBUG] Transformed kotlin/collections/SetsKt___SetsKt in 277.3 μs
[Architectury Transformer DEBUG] Transforming from kotlin/collections/SetsKt__SetsKt.class to kotlin/collections/SetsKt__SetsKt.class with 5 transformer(s) on dev.architectury.transformer.handler.TinyRemapperPreparedTransformerHandler
[Architectury Transformer DEBUG] Found class transformer
[Architectury Transformer DEBUG] Writing kotlin/collections/SetsKt__SetsKt with maxs=true frames=true
[Architectury Transformer DEBUG] Transformed kotlin/collections/SetsKt__SetsKt in 234.9 μs
[Architectury Transformer DEBUG] Transforming from kotlin/collections/SetsKt__SetsJVMKt.class to kotlin/collections/SetsKt__SetsJVMKt.class with 5 transformer(s) on dev.architectury.transformer.handler.TinyRemapperPreparedTransformerHandler
[Architectury Transformer DEBUG] Found class transformer
[Architectury Transformer DEBUG] Writing kotlin/collections/SetsKt__SetsJVMKt with maxs=true frames=true
[Architectury Transformer DEBUG] Transformed kotlin/collections/SetsKt__SetsJVMKt in 201.0 μs
[Architectury Transformer DEBUG] Transforming from kotlin/collections/EmptySet.class to kotlin/collections/EmptySet.class with 5 transformer(s) on dev.architectury.transformer.handler.TinyRemapperPreparedTransformerHandler
[Architectury Transformer DEBUG] Found class transformer
[Architectury Transformer DEBUG] Writing kotlin/collections/EmptySet with maxs=true frames=true
[Architectury Transformer DEBUG] Transformed kotlin/collections/EmptySet in 175.3 μs
[Architectury Transformer DEBUG] Transforming from kotlin/jvm/internal/CollectionToArray.class to kotlin/jvm/internal/CollectionToArray.class with 5 transformer(s) on dev.architectury.transformer.handler.TinyRemapperPreparedTransformerHandler
[Architectury Transformer DEBUG] Found class transformer
[Architectury Transformer DEBUG] Writing kotlin/jvm/internal/CollectionToArray with maxs=true frames=true
[Architectury Transformer DEBUG] Transformed kotlin/jvm/internal/CollectionToArray in 306.7 μs
[Architectury Transformer DEBUG] Transforming from kotlin/jvm/internal/PropertyReference1Impl.class to kotlin/jvm/internal/PropertyReference1Impl.class with 5 transformer(s) on dev.architectury.transformer.handler.TinyRemapperPreparedTransformerHandler
[Architectury Transformer DEBUG] Found class transformer
[Architectury Transformer DEBUG] Writing kotlin/jvm/internal/PropertyReference1Impl with maxs=true frames=true
[Architectury Transformer DEBUG] Transformed kotlin/jvm/internal/PropertyReference1Impl in 220.2 μs
[Architectury Transformer DEBUG] Transforming from kotlin/jvm/internal/FunctionReferenceImpl.class to kotlin/jvm/internal/FunctionReferenceImpl.class with 5 transformer(s) on dev.architectury.transformer.handler.TinyRemapperPreparedTransformerHandler
[Architectury Transformer DEBUG] Found class transformer
[Architectury Transformer DEBUG] Writing kotlin/jvm/internal/FunctionReferenceImpl with maxs=true frames=true
[Architectury Transformer DEBUG] Transformed kotlin/jvm/internal/FunctionReferenceImpl in 179.3 μs
[Architectury Transformer DEBUG] Transforming from kotlin/jvm/internal/Ref$ObjectRef.class to kotlin/jvm/internal/Ref$ObjectRef.class with 5 transformer(s) on dev.architectury.transformer.handler.TinyRemapperPreparedTransformerHandler
[Architectury Transformer DEBUG] Found class transformer
[Architectury Transformer DEBUG] Writing kotlin/jvm/internal/Ref$ObjectRef with maxs=true frames=true
[Architectury Transformer DEBUG] Transformed kotlin/jvm/internal/Ref$ObjectRef in 266.0 μs
[Architectury Transformer DEBUG] Transforming from kotlin/ranges/IntRange.class to kotlin/ranges/IntRange.class with 5 transformer(s) on dev.architectury.transformer.handler.TinyRemapperPreparedTransformerHandler
[Architectury Transformer DEBUG] Found class transformer
[Architectury Transformer DEBUG] Writing kotlin/ranges/IntRange with maxs=true frames=true
[Architectury Transformer DEBUG] Transformed kotlin/ranges/IntRange in 594.3 μs
[Architectury Transformer DEBUG] Transforming from kotlin/ranges/ClosedRange.class to kotlin/ranges/ClosedRange.class with 5 transformer(s) on dev.architectury.transformer.handler.TinyRemapperPreparedTransformerHandler
[Architectury Transformer DEBUG] Found class transformer
[Architectury Transformer DEBUG] Writing kotlin/ranges/ClosedRange with maxs=true frames=true
[Architectury Transformer DEBUG] Transformed kotlin/ranges/ClosedRange in 170.8 μs
[Architectury Transformer DEBUG] Transforming from kotlin/ranges/OpenEndRange.class to kotlin/ranges/OpenEndRange.class with 5 transformer(s) on dev.architectury.transformer.handler.TinyRemapperPreparedTransformerHandler
[Architectury Transformer DEBUG] Found class transformer
[Architectury Transformer DEBUG] Writing kotlin/ranges/OpenEndRange with maxs=true frames=true
[Architectury Transformer DEBUG] Transformed kotlin/ranges/OpenEndRange in 129.3 μs
[Architectury Transformer DEBUG] Transforming from kotlin/ranges/IntProgression.class to kotlin/ranges/IntProgression.class with 5 transformer(s) on dev.architectury.transformer.handler.TinyRemapperPreparedTransformerHandler
[Architectury Transformer DEBUG] Found class transformer
[Architectury Transformer DEBUG] Writing kotlin/ranges/IntProgression with maxs=true frames=true
[Architectury Transformer DEBUG] Transformed kotlin/ranges/IntProgression in 180.0 μs
[Architectury Transformer DEBUG] Transforming from kotlin/ranges/IntProgression$Companion.class to kotlin/ranges/IntProgression$Companion.class with 5 transformer(s) on dev.architectury.transformer.handler.TinyRemapperPreparedTransformerHandler
[Architectury Transformer DEBUG] Found class transformer
[Architectury Transformer DEBUG] Writing kotlin/ranges/IntProgression$Companion with maxs=true frames=true
[Architectury Transformer DEBUG] Transformed kotlin/ranges/IntProgression$Companion in 88.70 μs
[Architectury Transformer DEBUG] Transforming from kotlin/ranges/IntRange$Companion.class to kotlin/ranges/IntRange$Companion.class with 5 transformer(s) on dev.architectury.transformer.handler.TinyRemapperPreparedTransformerHandler
[Architectury Transformer DEBUG] Found class transformer
[Architectury Transformer DEBUG] Writing kotlin/ranges/IntRange$Companion with maxs=true frames=true
[Architectury Transformer DEBUG] Transformed kotlin/ranges/IntRange$Companion in 81.20 μs
[Architectury Transformer DEBUG] Transforming from kotlin/internal/ProgressionUtilKt.class to kotlin/internal/ProgressionUtilKt.class with 5 transformer(s) on dev.architectury.transformer.handler.TinyRemapperPreparedTransformerHandler
[Architectury Transformer DEBUG] Found class transformer
[Architectury Transformer DEBUG] Writing kotlin/internal/ProgressionUtilKt with maxs=true frames=true
[Architectury Transformer DEBUG] Transformed kotlin/internal/ProgressionUtilKt in 143.0 μs
[Architectury Transformer DEBUG] Transforming from kotlin/Triple.class to kotlin/Triple.class with 5 transformer(s) on dev.architectury.transformer.handler.TinyRemapperPreparedTransformerHandler
[Architectury Transformer DEBUG] Found class transformer
[Architectury Transformer DEBUG] Writing kotlin/Triple with maxs=true frames=true
[Architectury Transformer DEBUG] Transformed kotlin/Triple in 346.4 μs
[Architectury Transformer DEBUG] Transforming from kotlin/collections/EmptyList.class to kotlin/collections/EmptyList.class with 5 transformer(s) on dev.architectury.transformer.handler.TinyRemapperPreparedTransformerHandler
[Architectury Transformer DEBUG] Found class transformer
[Architectury Transformer DEBUG] Writing kotlin/collections/EmptyList with maxs=true frames=true
[Architectury Transformer DEBUG] Transformed kotlin/collections/EmptyList in 380.7 μs
[Architectury Transformer DEBUG] Transforming from kotlin/jvm/functions/Function3.class to kotlin/jvm/functions/Function3.class with 5 transformer(s) on dev.architectury.transformer.handler.TinyRemapperPreparedTransformerHandler
[Architectury Transformer DEBUG] Found class transformer
[Architectury Transformer DEBUG] Writing kotlin/jvm/functions/Function3 with maxs=true frames=true
[Architectury Transformer DEBUG] Transformed kotlin/jvm/functions/Function3 in 148.7 μs
[Architectury Transformer DEBUG] Transforming from kotlin/KotlinNothingValueException.class to kotlin/KotlinNothingValueException.class with 5 transformer(s) on dev.architectury.transformer.handler.TinyRemapperPreparedTransformerHandler
[Architectury Transformer DEBUG] Found class transformer
[Architectury Transformer DEBUG] Writing kotlin/KotlinNothingValueException with maxs=true frames=true
[Architectury Transformer DEBUG] Transformed kotlin/KotlinNothingValueException in 165.4 μs
[Architectury Transformer DEBUG] Transforming from kotlin/SynchronizedLazyImpl.class to kotlin/SynchronizedLazyImpl.class with 5 transformer(s) on dev.architectury.transformer.handler.TinyRemapperPreparedTransformerHandler
[Architectury Transformer DEBUG] Found class transformer
[Architectury Transformer DEBUG] Writing kotlin/SynchronizedLazyImpl with maxs=true frames=true
[Architectury Transformer DEBUG] Transformed kotlin/SynchronizedLazyImpl in 377.6 μs
[Architectury Transformer DEBUG] Transforming from kotlin/Metadata.class to kotlin/Metadata.class with 5 transformer(s) on dev.architectury.transformer.handler.TinyRemapperPreparedTransformerHandler
[Architectury Transformer DEBUG] Found class transformer
[Architectury Transformer DEBUG] Writing kotlin/Metadata with maxs=true frames=true
[Architectury Transformer DEBUG] Transformed kotlin/Metadata in 273.5 μs
[Architectury Transformer DEBUG] Transforming from kotlin/annotation/Retention.class to kotlin/annotation/Retention.class with 5 transformer(s) on dev.architectury.transformer.handler.TinyRemapperPreparedTransformerHandler
[Architectury Transformer DEBUG] Found class transformer
[Architectury Transformer DEBUG] Writing kotlin/annotation/Retention with maxs=true frames=true
[Architectury Transformer DEBUG] Transformed kotlin/annotation/Retention in 92.40 μs
[Architectury Transformer DEBUG] Transforming from kotlin/annotation/Target.class to kotlin/annotation/Target.class with 5 transformer(s) on dev.architectury.transformer.handler.TinyRemapperPreparedTransformerHandler
[Architectury Transformer DEBUG] Found class transformer
[Architectury Transformer DEBUG] Writing kotlin/annotation/Target with maxs=true frames=true
[Architectury Transformer DEBUG] Transformed kotlin/annotation/Target in 79.00 μs
[Architectury Transformer DEBUG] Transforming from kotlin/text/RegexKt.class to kotlin/text/RegexKt.class with 5 transformer(s) on dev.architectury.transformer.handler.TinyRemapperPreparedTransformerHandler
[Architectury Transformer DEBUG] Found class transformer
[Architectury Transformer DEBUG] Writing kotlin/text/RegexKt with maxs=true frames=true
[Architectury Transformer DEBUG] Transformed kotlin/text/RegexKt in 213.7 μs
[Architectury Transformer DEBUG] Transforming from kotlin/text/MatcherMatchResult.class to kotlin/text/MatcherMatchResult.class with 5 transformer(s) on dev.architectury.transformer.handler.TinyRemapperPreparedTransformerHandler
[Architectury Transformer DEBUG] Found class transformer
[Architectury Transformer DEBUG] Writing kotlin/text/MatcherMatchResult with maxs=true frames=true
[Architectury Transformer DEBUG] Transformed kotlin/text/MatcherMatchResult in 264.9 μs
[Architectury Transformer DEBUG] Transforming from kotlin/text/MatchResult.class to kotlin/text/MatchResult.class with 5 transformer(s) on dev.architectury.transformer.handler.TinyRemapperPreparedTransformerHandler
[Architectury Transformer DEBUG] Found class transformer
[Architectury Transformer DEBUG] Writing kotlin/text/MatchResult with maxs=true frames=true
[Architectury Transformer DEBUG] Transformed kotlin/text/MatchResult in 76.90 μs
[Architectury Transformer DEBUG] Transforming from kotlin/text/MatcherMatchResult$groups$1.class to kotlin/text/MatcherMatchResult$groups$1.class with 5 transformer(s) on dev.architectury.transformer.handler.TinyRemapperPreparedTransformerHandler
[Architectury Transformer DEBUG] Found class transformer
[Architectury Transformer DEBUG] Writing kotlin/text/MatcherMatchResult$groups$1 with maxs=true frames=true
[Architectury Transformer DEBUG] Transformed kotlin/text/MatcherMatchResult$groups$1 in 199.7 μs
[Architectury Transformer DEBUG] Transforming from kotlin/text/MatchNamedGroupCollection.class to kotlin/text/MatchNamedGroupCollection.class with 5 transformer(s) on dev.architectury.transformer.handler.TinyRemapperPreparedTransformerHandler
[Architectury Transformer DEBUG] Found class transformer
[Architectury Transformer DEBUG] Writing kotlin/text/MatchNamedGroupCollection with maxs=true frames=true
[Architectury Transformer DEBUG] Transformed kotlin/text/MatchNamedGroupCollection in 70.10 μs
[Architectury Transformer DEBUG] Transforming from kotlin/text/MatchGroupCollection.class to kotlin/text/MatchGroupCollection.class with 5 transformer(s) on dev.architectury.transformer.handler.TinyRemapperPreparedTransformerHandler
[Architectury Transformer DEBUG] Found class transformer
[Architectury Transformer DEBUG] Writing kotlin/text/MatchGroupCollection with maxs=true frames=true
[Architectury Transformer DEBUG] Transformed kotlin/text/MatchGroupCollection in 68.10 μs
[Architectury Transformer DEBUG] Transforming from kotlin/text/MatchResult$DefaultImpls.class to kotlin/text/MatchResult$DefaultImpls.class with 5 transformer(s) on dev.architectury.transformer.handler.TinyRemapperPreparedTransformerHandler
[Architectury Transformer DEBUG] Found class transformer
[Architectury Transformer DEBUG] Writing kotlin/text/MatchResult$DefaultImpls with maxs=true frames=true
[Architectury Transformer DEBUG] Transformed kotlin/text/MatchResult$DefaultImpls in 76.50 μs
[Architectury Transformer DEBUG] Transforming from kotlin/text/MatchResult$Destructured.class to kotlin/text/MatchResult$Destructured.class with 5 transformer(s) on dev.architectury.transformer.handler.TinyRemapperPreparedTransformerHandler
[Architectury Transformer DEBUG] Found class transformer
[Architectury Transformer DEBUG] Writing kotlin/text/MatchResult$Destructured with maxs=true frames=true
[Architectury Transformer DEBUG] Transformed kotlin/text/MatchResult$Destructured in 121.7 μs
[Architectury Transformer DEBUG] Transforming from kotlin/text/MatcherMatchResult$groupValues$1.class to kotlin/text/MatcherMatchResult$groupValues$1.class with 5 transformer(s) on dev.architectury.transformer.handler.TinyRemapperPreparedTransformerHandler
[Architectury Transformer DEBUG] Found class transformer
[Architectury Transformer DEBUG] Writing kotlin/text/MatcherMatchResult$groupValues$1 with maxs=true frames=true
[Architectury Transformer DEBUG] Transformed kotlin/text/MatcherMatchResult$groupValues$1 in 102.6 μs
[Architectury Transformer DEBUG] Transforming from kotlin/TypeCastException.class to kotlin/TypeCastException.class with 5 transformer(s) on dev.architectury.transformer.handler.TinyRemapperPreparedTransformerHandler
[Architectury Transformer DEBUG] Found class transformer
[Architectury Transformer DEBUG] Writing kotlin/TypeCastException with maxs=true frames=true
[Architectury Transformer DEBUG] Transformed kotlin/TypeCastException in 77.40 μs
[Architectury Transformer DEBUG] Transforming from kotlin/jvm/JvmClassMappingKt.class to kotlin/jvm/JvmClassMappingKt.class with 5 transformer(s) on dev.architectury.transformer.handler.TinyRemapperPreparedTransformerHandler
[Architectury Transformer DEBUG] Found class transformer
[Architectury Transformer DEBUG] Writing kotlin/jvm/JvmClassMappingKt with maxs=true frames=true
[Architectury Transformer DEBUG] Transformed kotlin/jvm/JvmClassMappingKt in 371.3 μs
[Architectury Transformer DEBUG] Transforming from kotlin/jvm/functions/Function4.class to kotlin/jvm/functions/Function4.class with 5 transformer(s) on dev.architectury.transformer.handler.TinyRemapperPreparedTransformerHandler
[Architectury Transformer DEBUG] Found class transformer
[Architectury Transformer DEBUG] Writing kotlin/jvm/functions/Function4 with maxs=true frames=true
[Architectury Transformer DEBUG] Transformed kotlin/jvm/functions/Function4 in 94.10 μs
[Architectury Transformer DEBUG] Transforming from kotlin/jvm/functions/Function5.class to kotlin/jvm/functions/Function5.class with 5 transformer(s) on dev.architectury.transformer.handler.TinyRemapperPreparedTransformerHandler
[Architectury Transformer DEBUG] Found class transformer
[Architectury Transformer DEBUG] Writing kotlin/jvm/functions/Function5 with maxs=true frames=true
[Architectury Transformer DEBUG] Transformed kotlin/jvm/functions/Function5 in 72.40 μs
[Architectury Transformer DEBUG] Transforming from kotlin/jvm/functions/Function6.class to kotlin/jvm/functions/Function6.class with 5 transformer(s) on dev.architectury.transformer.handler.TinyRemapperPreparedTransformerHandler
[Architectury Transformer DEBUG] Found class transformer
[Architectury Transformer DEBUG] Writing kotlin/jvm/functions/Function6 with maxs=true frames=true
[Architectury Transformer DEBUG] Transformed kotlin/jvm/functions/Function6 in 76.90 μs
[Architectury Transformer DEBUG] Transforming from kotlin/jvm/functions/Function7.class to kotlin/jvm/functions/Function7.class with 5 transformer(s) on dev.architectury.transformer.handler.TinyRemapperPreparedTransformerHandler
[Architectury Transformer DEBUG] Found class transformer
[Architectury Transformer DEBUG] Writing kotlin/jvm/functions/Function7 with maxs=true frames=true
[Architectury Transformer DEBUG] Transformed kotlin/jvm/functions/Function7 in 78.00 μs
[Architectury Transformer DEBUG] Transforming from kotlin/jvm/functions/Function8.class to kotlin/jvm/functions/Function8.class with 5 transformer(s) on dev.architectury.transformer.handler.TinyRemapperPreparedTransformerHandler
[Architectury Transformer DEBUG] Found class transformer
[Architectury Transformer DEBUG] Writing kotlin/jvm/functions/Function8 with maxs=true frames=true
[Architectury Transformer DEBUG] Transformed kotlin/jvm/functions/Function8 in 82.90 μs
[Architectury Transformer DEBUG] Transforming from kotlin/jvm/functions/Function9.class to kotlin/jvm/functions/Function9.class with 5 transformer(s) on dev.architectury.transformer.handler.TinyRemapperPreparedTransformerHandler
[Architectury Transformer DEBUG] Found class transformer
[Architectury Transformer DEBUG] Writing kotlin/jvm/functions/Function9 with maxs=true frames=true
[Architectury Transformer DEBUG] Transformed kotlin/jvm/functions/Function9 in 78.40 μs
[Architectury Transformer DEBUG] Transforming from kotlin/jvm/functions/Function10.class to kotlin/jvm/functions/Function10.class with 5 transformer(s) on dev.architectury.transformer.handler.TinyRemapperPreparedTransformerHandler
[Architectury Transformer DEBUG] Found class transformer
[Architectury Transformer DEBUG] Writing kotlin/jvm/functions/Function10 with maxs=true frames=true
[Architectury Transformer DEBUG] Transformed kotlin/jvm/functions/Function10 in 69.20 μs
[Architectury Transformer DEBUG] Transforming from kotlin/jvm/functions/Function11.class to kotlin/jvm/functions/Function11.class with 5 transformer(s) on dev.architectury.transformer.handler.TinyRemapperPreparedTransformerHandler
[Architectury Transformer DEBUG] Found class transformer
[Architectury Transformer DEBUG] Writing kotlin/jvm/functions/Function11 with maxs=true frames=true
[Architectury Transformer DEBUG] Transformed kotlin/jvm/functions/Function11 in 71.50 μs
[Architectury Transformer DEBUG] Transforming from kotlin/jvm/functions/Function12.class to kotlin/jvm/functions/Function12.class with 5 transformer(s) on dev.architectury.transformer.handler.TinyRemapperPreparedTransformerHandler
[Architectury Transformer DEBUG] Found class transformer
[Architectury Transformer DEBUG] Writing kotlin/jvm/functions/Function12 with maxs=true frames=true
[Architectury Transformer DEBUG] Transformed kotlin/jvm/functions/Function12 in 75.60 μs
[Architectury Transformer DEBUG] Transforming from kotlin/jvm/functions/Function13.class to kotlin/jvm/functions/Function13.class with 5 transformer(s) on dev.architectury.transformer.handler.TinyRemapperPreparedTransformerHandler
[Architectury Transformer DEBUG] Found class transformer
[Architectury Transformer DEBUG] Writing kotlin/jvm/functions/Function13 with maxs=true frames=true
[Architectury Transformer DEBUG] Transformed kotlin/jvm/functions/Function13 in 69.00 μs
[Architectury Transformer DEBUG] Transforming from kotlin/jvm/functions/Function14.class to kotlin/jvm/functions/Function14.class with 5 transformer(s) on dev.architectury.transformer.handler.TinyRemapperPreparedTransformerHandler
[Architectury Transformer DEBUG] Found class transformer
[Architectury Transformer DEBUG] Writing kotlin/jvm/functions/Function14 with maxs=true frames=true
[Architectury Transformer DEBUG] Transformed kotlin/jvm/functions/Function14 in 69.60 μs
[Architectury Transformer DEBUG] Transforming from kotlin/jvm/functions/Function15.class to kotlin/jvm/functions/Function15.class with 5 transformer(s) on dev.architectury.transformer.handler.TinyRemapperPreparedTransformerHandler
[Architectury Transformer DEBUG] Found class transformer
[Architectury Transformer DEBUG] Writing kotlin/jvm/functions/Function15 with maxs=true frames=true
[Architectury Transformer DEBUG] Transformed kotlin/jvm/functions/Function15 in 69.10 μs
[Architectury Transformer DEBUG] Transforming from kotlin/jvm/functions/Function16.class to kotlin/jvm/functions/Function16.class with 5 transformer(s) on dev.architectury.transformer.handler.TinyRemapperPreparedTransformerHandler
[Architectury Transformer DEBUG] Found class transformer
[Architectury Transformer DEBUG] Writing kotlin/jvm/functions/Function16 with maxs=true frames=true
[Architectury Transformer DEBUG] Transformed kotlin/jvm/functions/Function16 in 75.00 μs
[Architectury Transformer DEBUG] Transforming from kotlin/jvm/functions/Function17.class to kotlin/jvm/functions/Function17.class with 5 transformer(s) on dev.architectury.transformer.handler.TinyRemapperPreparedTransformerHandler
[Architectury Transformer DEBUG] Found class transformer
[Architectury Transformer DEBUG] Writing kotlin/jvm/functions/Function17 with maxs=true frames=true
[Architectury Transformer DEBUG] Transformed kotlin/jvm/functions/Function17 in 90.90 μs
[Architectury Transformer DEBUG] Transforming from kotlin/jvm/functions/Function18.class to kotlin/jvm/functions/Function18.class with 5 transformer(s) on dev.architectury.transformer.handler.TinyRemapperPreparedTransformerHandler
[Architectury Transformer DEBUG] Found class transformer
[Architectury Transformer DEBUG] Writing kotlin/jvm/functions/Function18 with maxs=true frames=true
[Architectury Transformer DEBUG] Transformed kotlin/jvm/functions/Function18 in 86.70 μs
[Architectury Transformer DEBUG] Transforming from kotlin/jvm/functions/Function19.class to kotlin/jvm/functions/Function19.class with 5 transformer(s) on dev.architectury.transformer.handler.TinyRemapperPreparedTransformerHandler
[Architectury Transformer DEBUG] Found class transformer
[Architectury Transformer DEBUG] Writing kotlin/jvm/functions/Function19 with maxs=true frames=true
[Architectury Transformer DEBUG] Transformed kotlin/jvm/functions/Function19 in 75.70 μs
[Architectury Transformer DEBUG] Transforming from kotlin/jvm/functions/Function20.class to kotlin/jvm/functions/Function20.class with 5 transformer(s) on dev.architectury.transformer.handler.TinyRemapperPreparedTransformerHandler
[Architectury Transformer DEBUG] Found class transformer
[Architectury Transformer DEBUG] Writing kotlin/jvm/functions/Function20 with maxs=true frames=true
[Architectury Transformer DEBUG] Transformed kotlin/jvm/functions/Function20 in 76.80 μs
[Architectury Transformer DEBUG] Transforming from kotlin/jvm/functions/Function21.class to kotlin/jvm/functions/Function21.class with 5 transformer(s) on dev.architectury.transformer.handler.TinyRemapperPreparedTransformerHandler
[Architectury Transformer DEBUG] Found class transformer
[Architectury Transformer DEBUG] Writing kotlin/jvm/functions/Function21 with maxs=true frames=true
[Architectury Transformer DEBUG] Transformed kotlin/jvm/functions/Function21 in 73.20 μs
[Architectury Transformer DEBUG] Transforming from kotlin/jvm/functions/Function22.class to kotlin/jvm/functions/Function22.class with 5 transformer(s) on dev.architectury.transformer.handler.TinyRemapperPreparedTransformerHandler
[Architectury Transformer DEBUG] Found class transformer
[Architectury Transformer DEBUG] Writing kotlin/jvm/functions/Function22 with maxs=true frames=true
[Architectury Transformer DEBUG] Transformed kotlin/jvm/functions/Function22 in 71.40 μs
[Architectury Transformer DEBUG] Transforming from kotlin/text/StringsKt.class to kotlin/text/StringsKt.class with 5 transformer(s) on dev.architectury.transformer.handler.TinyRemapperPreparedTransformerHandler
[Architectury Transformer DEBUG] Found class transformer
[Architectury Transformer DEBUG] Writing kotlin/text/StringsKt with maxs=true frames=true
[Architectury Transformer DEBUG] Transformed kotlin/text/StringsKt in 124.5 μs
[Architectury Transformer DEBUG] Transforming from kotlin/text/StringsKt___StringsKt.class to kotlin/text/StringsKt___StringsKt.class with 5 transformer(s) on dev.architectury.transformer.handler.TinyRemapperPreparedTransformerHandler
[Architectury Transformer DEBUG] Found class transformer
[Architectury Transformer DEBUG] Writing kotlin/text/StringsKt___StringsKt with maxs=true frames=true
[Architectury Transformer DEBUG] Transformed kotlin/text/StringsKt___StringsKt in 2.309 ms
[Architectury Transformer DEBUG] Transforming from kotlin/text/StringsKt___StringsJvmKt.class to kotlin/text/StringsKt___StringsJvmKt.class with 5 transformer(s) on dev.architectury.transformer.handler.TinyRemapperPreparedTransformerHandler
[Architectury Transformer DEBUG] Found class transformer
[Architectury Transformer DEBUG] Writing kotlin/text/StringsKt___StringsJvmKt with maxs=true frames=true
[Architectury Transformer DEBUG] Transformed kotlin/text/StringsKt___StringsJvmKt in 220.7 μs
[Architectury Transformer DEBUG] Transforming from kotlin/text/StringsKt__StringsKt.class to kotlin/text/StringsKt__StringsKt.class with 5 transformer(s) on dev.architectury.transformer.handler.TinyRemapperPreparedTransformerHandler
[Architectury Transformer DEBUG] Found class transformer
[Architectury Transformer DEBUG] Writing kotlin/text/StringsKt__StringsKt with maxs=true frames=true
[Architectury Transformer DEBUG] Transformed kotlin/text/StringsKt__StringsKt in 1.570 ms
[Architectury Transformer DEBUG] Transforming from kotlin/text/StringsKt__StringsJVMKt.class to kotlin/text/StringsKt__StringsJVMKt.class with 5 transformer(s) on dev.architectury.transformer.handler.TinyRemapperPreparedTransformerHandler
[Architectury Transformer DEBUG] Found class transformer
[Architectury Transformer DEBUG] Writing kotlin/text/StringsKt__StringsJVMKt with maxs=true frames=true
[Architectury Transformer DEBUG] Transformed kotlin/text/StringsKt__StringsJVMKt in 728.9 μs
[Architectury Transformer DEBUG] Transforming from kotlin/text/StringsKt__StringNumberConversionsKt.class to kotlin/text/StringsKt__StringNumberConversionsKt.class with 5 transformer(s) on dev.architectury.transformer.handler.TinyRemapperPreparedTransformerHandler
[Architectury Transformer DEBUG] Found class transformer
[Architectury Transformer DEBUG] Writing kotlin/text/StringsKt__StringNumberConversionsKt with maxs=true frames=true
[Architectury Transformer DEBUG] Transformed kotlin/text/StringsKt__StringNumberConversionsKt in 250.0 μs
[Architectury Transformer DEBUG] Transforming from kotlin/text/StringsKt__StringNumberConversionsJVMKt.class to kotlin/text/StringsKt__StringNumberConversionsJVMKt.class with 5 transformer(s) on dev.architectury.transformer.handler.TinyRemapperPreparedTransformerHandler
[Architectury Transformer DEBUG] Found class transformer
[Architectury Transformer DEBUG] Writing kotlin/text/StringsKt__StringNumberConversionsJVMKt with maxs=true frames=true
[Architectury Transformer DEBUG] Transformed kotlin/text/StringsKt__StringNumberConversionsJVMKt in 409.0 μs
[Architectury Transformer DEBUG] Transforming from kotlin/text/StringsKt__StringBuilderKt.class to kotlin/text/StringsKt__StringBuilderKt.class with 5 transformer(s) on dev.architectury.transformer.handler.TinyRemapperPreparedTransformerHandler
[Architectury Transformer DEBUG] Found class transformer
[Architectury Transformer DEBUG] Writing kotlin/text/StringsKt__StringBuilderKt with maxs=true frames=true
[Architectury Transformer DEBUG] Transformed kotlin/text/StringsKt__StringBuilderKt in 157.0 μs
[Architectury Transformer DEBUG] Transforming from kotlin/text/StringsKt__StringBuilderJVMKt.class to kotlin/text/StringsKt__StringBuilderJVMKt.class with 5 transformer(s) on dev.architectury.transformer.handler.TinyRemapperPreparedTransformerHandler
[Architectury Transformer DEBUG] Found class transformer
[Architectury Transformer DEBUG] Writing kotlin/text/StringsKt__StringBuilderJVMKt with maxs=true frames=true
[Architectury Transformer DEBUG] Transformed kotlin/text/StringsKt__StringBuilderJVMKt in 294.7 μs
[Architectury Transformer DEBUG] Transforming from kotlin/text/StringsKt__RegexExtensionsKt.class to kotlin/text/StringsKt__RegexExtensionsKt.class with 5 transformer(s) on dev.architectury.transformer.handler.TinyRemapperPreparedTransformerHandler
[Architectury Transformer DEBUG] Found class transformer
[Architectury Transformer DEBUG] Writing kotlin/text/StringsKt__RegexExtensionsKt with maxs=true frames=true
[Architectury Transformer DEBUG] Transformed kotlin/text/StringsKt__RegexExtensionsKt in 87.20 μs
[Architectury Transformer DEBUG] Transforming from kotlin/text/StringsKt__RegexExtensionsJVMKt.class to kotlin/text/StringsKt__RegexExtensionsJVMKt.class with 5 transformer(s) on dev.architectury.transformer.handler.TinyRemapperPreparedTransformerHandler
[Architectury Transformer DEBUG] Found class transformer
[Architectury Transformer DEBUG] Writing kotlin/text/StringsKt__RegexExtensionsJVMKt with maxs=true frames=true
[Architectury Transformer DEBUG] Transformed kotlin/text/StringsKt__RegexExtensionsJVMKt in 72.30 μs
[Architectury Transformer DEBUG] Transforming from kotlin/text/StringsKt__IndentKt.class to kotlin/text/StringsKt__IndentKt.class with 5 transformer(s) on dev.architectury.transformer.handler.TinyRemapperPreparedTransformerHandler
[Architectury Transformer DEBUG] Found class transformer
[Architectury Transformer DEBUG] Writing kotlin/text/StringsKt__IndentKt with maxs=true frames=true
[Architectury Transformer DEBUG] Transformed kotlin/text/StringsKt__IndentKt in 415.9 μs
[Architectury Transformer DEBUG] Transforming from kotlin/text/StringsKt__AppendableKt.class to kotlin/text/StringsKt__AppendableKt.class with 5 transformer(s) on dev.architectury.transformer.handler.TinyRemapperPreparedTransformerHandler
[Architectury Transformer DEBUG] Found class transformer
[Architectury Transformer DEBUG] Writing kotlin/text/StringsKt__AppendableKt with maxs=true frames=true
[Architectury Transformer DEBUG] Transformed kotlin/text/StringsKt__AppendableKt in 143.8 μs
[Architectury Transformer DEBUG] Transforming from kotlin/collections/EmptyMap.class to kotlin/collections/EmptyMap.class with 5 transformer(s) on dev.architectury.transformer.handler.TinyRemapperPreparedTransformerHandler
[Architectury Transformer DEBUG] Found class transformer
[Architectury Transformer DEBUG] Writing kotlin/collections/EmptyMap with maxs=true frames=true
[Architectury Transformer DEBUG] Transformed kotlin/collections/EmptyMap in 287.2 μs
[Architectury Transformer DEBUG] Transforming from kotlin/KotlinVersion.class to kotlin/KotlinVersion.class with 5 transformer(s) on dev.architectury.transformer.handler.TinyRemapperPreparedTransformerHandler
[Architectury Transformer DEBUG] Found class transformer
[Architectury Transformer DEBUG] Writing kotlin/KotlinVersion with maxs=true frames=true
[Architectury Transformer DEBUG] Transformed kotlin/KotlinVersion in 299.3 μs
[Architectury Transformer DEBUG] Transforming from kotlin/KotlinVersion$Companion.class to kotlin/KotlinVersion$Companion.class with 5 transformer(s) on dev.architectury.transformer.handler.TinyRemapperPreparedTransformerHandler
[Architectury Transformer DEBUG] Found class transformer
[Architectury Transformer DEBUG] Writing kotlin/KotlinVersion$Companion with maxs=true frames=true
[Architectury Transformer DEBUG] Transformed kotlin/KotlinVersion$Companion in 79.30 μs
[Architectury Transformer DEBUG] Transforming from kotlin/KotlinVersionCurrentValue.class to kotlin/KotlinVersionCurrentValue.class with 5 transformer(s) on dev.architectury.transformer.handler.TinyRemapperPreparedTransformerHandler
[Architectury Transformer DEBUG] Found class transformer
[Architectury Transformer DEBUG] Writing kotlin/KotlinVersionCurrentValue with maxs=true frames=true
[Architectury Transformer DEBUG] Transformed kotlin/KotlinVersionCurrentValue in 84.80 μs
[Architectury Transformer DEBUG] Transforming from kotlin/collections/EmptyIterator.class to kotlin/collections/EmptyIterator.class with 5 transformer(s) on dev.architectury.transformer.handler.TinyRemapperPreparedTransformerHandler
[Architectury Transformer DEBUG] Found class transformer
[Architectury Transformer DEBUG] Writing kotlin/collections/EmptyIterator with maxs=true frames=true
[Architectury Transformer DEBUG] Transformed kotlin/collections/EmptyIterator in 183.9 μs
[Architectury Transformer DEBUG] Transforming from kotlin/InitializedLazyImpl.class to kotlin/InitializedLazyImpl.class with 5 transformer(s) on dev.architectury.transformer.handler.TinyRemapperPreparedTransformerHandler
[Architectury Transformer DEBUG] Found class transformer
[Architectury Transformer DEBUG] Writing kotlin/InitializedLazyImpl with maxs=true frames=true
[Architectury Transformer DEBUG] Transformed kotlin/InitializedLazyImpl in 302.1 μs
[Architectury Transformer DEBUG] Transforming from kotlin/jvm/internal/StringCompanionObject.class to kotlin/jvm/internal/StringCompanionObject.class with 5 transformer(s) on dev.architectury.transformer.handler.TinyRemapperPreparedTransformerHandler
[Architectury Transformer DEBUG] Found class transformer
[Architectury Transformer DEBUG] Writing kotlin/jvm/internal/StringCompanionObject with maxs=true frames=true
[Architectury Transformer DEBUG] Transformed kotlin/jvm/internal/StringCompanionObject in 271.1 μs
[Architectury Transformer DEBUG] Transforming from kotlin/UnsafeLazyImpl.class to kotlin/UnsafeLazyImpl.class with 5 transformer(s) on dev.architectury.transformer.handler.TinyRemapperPreparedTransformerHandler
[Architectury Transformer DEBUG] Found class transformer
[Architectury Transformer DEBUG] Writing kotlin/UnsafeLazyImpl with maxs=true frames=true
[Architectury Transformer DEBUG] Transformed kotlin/UnsafeLazyImpl in 257.6 μs
[Architectury Transformer DEBUG] Transforming from kotlin/collections/IndexingIterable.class to kotlin/collections/IndexingIterable.class with 5 transformer(s) on dev.architectury.transformer.handler.TinyRemapperPreparedTransformerHandler
[Architectury Transformer DEBUG] Found class transformer
[Architectury Transformer DEBUG] Writing kotlin/collections/IndexingIterable with maxs=true frames=true
[Architectury Transformer DEBUG] Transformed kotlin/collections/IndexingIterable in 201.9 μs
[Architectury Transformer DEBUG] Transforming from kotlin/collections/IndexingIterator.class to kotlin/collections/IndexingIterator.class with 5 transformer(s) on dev.architectury.transformer.handler.TinyRemapperPreparedTransformerHandler
[Architectury Transformer DEBUG] Found class transformer
[Architectury Transformer DEBUG] Writing kotlin/collections/IndexingIterator with maxs=true frames=true
[Architectury Transformer DEBUG] Transformed kotlin/collections/IndexingIterator in 120.6 μs
[Architectury Transformer DEBUG] Transforming from kotlin/collections/IndexedValue.class to kotlin/collections/IndexedValue.class with 5 transformer(s) on dev.architectury.transformer.handler.TinyRemapperPreparedTransformerHandler
[Architectury Transformer DEBUG] Found class transformer
[Architectury Transformer DEBUG] Writing kotlin/collections/IndexedValue with maxs=true frames=true
[Architectury Transformer DEBUG] Transformed kotlin/collections/IndexedValue in 119.6 μs
[Architectury Transformer DEBUG] Transforming from kotlin/ranges/IntProgressionIterator.class to kotlin/ranges/IntProgressionIterator.class with 5 transformer(s) on dev.architectury.transformer.handler.TinyRemapperPreparedTransformerHandler
[Architectury Transformer DEBUG] Found class transformer
[Architectury Transformer DEBUG] Writing kotlin/ranges/IntProgressionIterator with maxs=true frames=true
[Architectury Transformer DEBUG] Transformed kotlin/ranges/IntProgressionIterator in 188.7 μs
[Architectury Transformer DEBUG] Transforming from kotlin/collections/IntIterator.class to kotlin/collections/IntIterator.class with 5 transformer(s) on dev.architectury.transformer.handler.TinyRemapperPreparedTransformerHandler
[Architectury Transformer DEBUG] Found class transformer
[Architectury Transformer DEBUG] Writing kotlin/collections/IntIterator with maxs=true frames=true
[Architectury Transformer DEBUG] Transformed kotlin/collections/IntIterator in 85.20 μs
[Architectury Transformer DEBUG] Transforming from kotlin/io/CloseableKt.class to kotlin/io/CloseableKt.class with 5 transformer(s) on dev.architectury.transformer.handler.TinyRemapperPreparedTransformerHandler
[Architectury Transformer DEBUG] Found class transformer
[Architectury Transformer DEBUG] Writing kotlin/io/CloseableKt with maxs=true frames=true
[Architectury Transformer DEBUG] Transformed kotlin/io/CloseableKt in 221.2 μs
[Architectury Transformer DEBUG] Transforming from kotlin/sequences/SequencesKt.class to kotlin/sequences/SequencesKt.class with 5 transformer(s) on dev.architectury.transformer.handler.TinyRemapperPreparedTransformerHandler
[Architectury Transformer DEBUG] Found class transformer
[Architectury Transformer DEBUG] Writing kotlin/sequences/SequencesKt with maxs=true frames=true
[Architectury Transformer DEBUG] Transformed kotlin/sequences/SequencesKt in 99.80 μs
[Architectury Transformer DEBUG] Transforming from kotlin/sequences/SequencesKt___SequencesKt.class to kotlin/sequences/SequencesKt___SequencesKt.class with 5 transformer(s) on dev.architectury.transformer.handler.TinyRemapperPreparedTransformerHandler
[Architectury Transformer DEBUG] Found class transformer
[Architectury Transformer DEBUG] Writing kotlin/sequences/SequencesKt___SequencesKt with maxs=true frames=true
[Architectury Transformer DEBUG] Transformed kotlin/sequences/SequencesKt___SequencesKt in 2.293 ms
[Architectury Transformer DEBUG] Transforming from kotlin/sequences/SequencesKt___SequencesJvmKt.class to kotlin/sequences/SequencesKt___SequencesJvmKt.class with 5 transformer(s) on dev.architectury.transformer.handler.TinyRemapperPreparedTransformerHandler
[Architectury Transformer DEBUG] Found class transformer
[Architectury Transformer DEBUG] Writing kotlin/sequences/SequencesKt___SequencesJvmKt with maxs=true frames=true
[Architectury Transformer DEBUG] Transformed kotlin/sequences/SequencesKt___SequencesJvmKt in 426.2 μs
[Architectury Transformer DEBUG] Transforming from kotlin/sequences/SequencesKt__SequencesKt.class to kotlin/sequences/SequencesKt__SequencesKt.class with 5 transformer(s) on dev.architectury.transformer.handler.TinyRemapperPreparedTransformerHandler
[Architectury Transformer DEBUG] Found class transformer
[Architectury Transformer DEBUG] Writing kotlin/sequences/SequencesKt__SequencesKt with maxs=true frames=true
[Architectury Transformer DEBUG] Transformed kotlin/sequences/SequencesKt__SequencesKt in 269.6 μs
[Architectury Transformer DEBUG] Transforming from kotlin/sequences/SequencesKt__SequencesJVMKt.class to kotlin/sequences/SequencesKt__SequencesJVMKt.class with 5 transformer(s) on dev.architectury.transformer.handler.TinyRemapperPreparedTransformerHandler
[Architectury Transformer DEBUG] Found class transformer
[Architectury Transformer DEBUG] Writing kotlin/sequences/SequencesKt__SequencesJVMKt with maxs=true frames=true
[Architectury Transformer DEBUG] Transformed kotlin/sequences/SequencesKt__SequencesJVMKt in 75.50 μs
[Architectury Transformer DEBUG] Transforming from kotlin/sequences/SequencesKt__SequenceBuilderKt.class to kotlin/sequences/SequencesKt__SequenceBuilderKt.class with 5 transformer(s) on dev.architectury.transformer.handler.TinyRemapperPreparedTransformerHandler
[Architectury Transformer DEBUG] Found class transformer
[Architectury Transformer DEBUG] Writing kotlin/sequences/SequencesKt__SequenceBuilderKt with maxs=true frames=true
[Architectury Transformer DEBUG] Transformed kotlin/sequences/SequencesKt__SequenceBuilderKt in 96.20 μs
[Architectury Transformer DEBUG] Transforming from kotlin/sequences/GeneratorSequence.class to kotlin/sequences/GeneratorSequence.class with 5 transformer(s) on dev.architectury.transformer.handler.TinyRemapperPreparedTransformerHandler
[Architectury Transformer DEBUG] Found class transformer
[Architectury Transformer DEBUG] Writing kotlin/sequences/GeneratorSequence with maxs=true frames=true
[Architectury Transformer DEBUG] Transformed kotlin/sequences/GeneratorSequence in 103.6 μs
[Architectury Transformer DEBUG] Transforming from kotlin/sequences/Sequence.class to kotlin/sequences/Sequence.class with 5 transformer(s) on dev.architectury.transformer.handler.TinyRemapperPreparedTransformerHandler
[Architectury Transformer DEBUG] Found class transformer
[Architectury Transformer DEBUG] Writing kotlin/sequences/Sequence with maxs=true frames=true
[Architectury Transformer DEBUG] Transformed kotlin/sequences/Sequence in 62.90 μs
[Architectury Transformer DEBUG] Transforming from kotlin/sequences/ConstrainedOnceSequence.class to kotlin/sequences/ConstrainedOnceSequence.class with 5 transformer(s) on dev.architectury.transformer.handler.TinyRemapperPreparedTransformerHandler
[Architectury Transformer DEBUG] Found class transformer
[Architectury Transformer DEBUG] Writing kotlin/sequences/ConstrainedOnceSequence with maxs=true frames=true
[Architectury Transformer DEBUG] Transformed kotlin/sequences/ConstrainedOnceSequence in 100.1 μs
[Architectury Transformer DEBUG] Transforming from kotlin/sequences/GeneratorSequence$iterator$1.class to kotlin/sequences/GeneratorSequence$iterator$1.class with 5 transformer(s) on dev.architectury.transformer.handler.TinyRemapperPreparedTransformerHandler
[Architectury Transformer DEBUG] Found class transformer
[Architectury Transformer DEBUG] Writing kotlin/sequences/GeneratorSequence$iterator$1 with maxs=true frames=true
[Architectury Transformer DEBUG] Transformed kotlin/sequences/GeneratorSequence$iterator$1 in 137.7 μs
[Architectury Transformer DEBUG] Transforming from kotlin/collections/AbstractMutableSet.class to kotlin/collections/AbstractMutableSet.class with 5 transformer(s) on dev.architectury.transformer.handler.TinyRemapperPreparedTransformerHandler
[Architectury Transformer DEBUG] Found class transformer
[Architectury Transformer DEBUG] Writing kotlin/collections/AbstractMutableSet with maxs=true frames=true
[Architectury Transformer DEBUG] Transformed kotlin/collections/AbstractMutableSet in 87.00 μs
[Architectury Transformer DEBUG] Transforming from kotlin/jvm/internal/markers/KMutableSet.class to kotlin/jvm/internal/markers/KMutableSet.class with 5 transformer(s) on dev.architectury.transformer.handler.TinyRemapperPreparedTransformerHandler
[Architectury Transformer DEBUG] Found class transformer
[Architectury Transformer DEBUG] Writing kotlin/jvm/internal/markers/KMutableSet with maxs=true frames=true
[Architectury Transformer DEBUG] Transformed kotlin/jvm/internal/markers/KMutableSet in 63.30 μs
[Architectury Transformer DEBUG] Transforming from kotlin/jvm/internal/markers/KMutableCollection.class to kotlin/jvm/internal/markers/KMutableCollection.class with 5 transformer(s) on dev.architectury.transformer.handler.TinyRemapperPreparedTransformerHandler
[Architectury Transformer DEBUG] Found class transformer
[Architectury Transformer DEBUG] Writing kotlin/jvm/internal/markers/KMutableCollection with maxs=true frames=true
[Architectury Transformer DEBUG] Transformed kotlin/jvm/internal/markers/KMutableCollection in 57.70 μs
[Architectury Transformer DEBUG] Transforming from kotlin/jvm/internal/markers/KMutableIterable.class to kotlin/jvm/internal/markers/KMutableIterable.class with 5 transformer(s) on dev.architectury.transformer.handler.TinyRemapperPreparedTransformerHandler
[Architectury Transformer DEBUG] Found class transformer
[Architectury Transformer DEBUG] Writing kotlin/jvm/internal/markers/KMutableIterable with maxs=true frames=true
[Architectury Transformer DEBUG] Transformed kotlin/jvm/internal/markers/KMutableIterable in 54.60 μs
[Architectury Transformer DEBUG] Transforming from kotlin/collections/builders/MapBuilder.class to kotlin/collections/builders/MapBuilder.class with 5 transformer(s) on dev.architectury.transformer.handler.TinyRemapperPreparedTransformerHandler
[Architectury Transformer DEBUG] Found class transformer
[Architectury Transformer DEBUG] Writing kotlin/collections/builders/MapBuilder with maxs=true frames=true
[Architectury Transformer DEBUG] Transformed kotlin/collections/builders/MapBuilder in 755.5 μs
[Architectury Transformer DEBUG] Transforming from kotlin/jvm/internal/markers/KMutableMap.class to kotlin/jvm/internal/markers/KMutableMap.class with 5 transformer(s) on dev.architectury.transformer.handler.TinyRemapperPreparedTransformerHandler
[Architectury Transformer DEBUG] Found class transformer
[Architectury Transformer DEBUG] Writing kotlin/jvm/internal/markers/KMutableMap with maxs=true frames=true
[Architectury Transformer DEBUG] Transformed kotlin/jvm/internal/markers/KMutableMap in 69.50 μs
[Architectury Transformer DEBUG] Transforming from kotlin/collections/builders/MapBuilder$Companion.class to kotlin/collections/builders/MapBuilder$Companion.class with 5 transformer(s) on dev.architectury.transformer.handler.TinyRemapperPreparedTransformerHandler
[Architectury Transformer DEBUG] Found class transformer
[Architectury Transformer DEBUG] Writing kotlin/collections/builders/MapBuilder$Companion with maxs=true frames=true
[Architectury Transformer DEBUG] Transformed kotlin/collections/builders/MapBuilder$Companion in 89.50 μs
[Architectury Transformer DEBUG] Transforming from kotlin/collections/builders/ListBuilderKt.class to kotlin/collections/builders/ListBuilderKt.class with 5 transformer(s) on dev.architectury.transformer.handler.TinyRemapperPreparedTransformerHandler
[Architectury Transformer DEBUG] Found class transformer
[Architectury Transformer DEBUG] Writing kotlin/collections/builders/ListBuilderKt with maxs=true frames=true
[Architectury Transformer DEBUG] Transformed kotlin/collections/builders/ListBuilderKt in 175.8 μs
[Architectury Transformer DEBUG] Transforming from kotlin/reflect/KProperty1$Getter.class to kotlin/reflect/KProperty1$Getter.class with 5 transformer(s) on dev.architectury.transformer.handler.TinyRemapperPreparedTransformerHandler
[Architectury Transformer DEBUG] Found class transformer
[Architectury Transformer DEBUG] Writing kotlin/reflect/KProperty1$Getter with maxs=true frames=true
[Architectury Transformer DEBUG] Transformed kotlin/reflect/KProperty1$Getter in 133.7 μs
[Architectury Transformer DEBUG] Transforming from kotlin/jvm/internal/SpreadBuilder.class to kotlin/jvm/internal/SpreadBuilder.class with 5 transformer(s) on dev.architectury.transformer.handler.TinyRemapperPreparedTransformerHandler
[Architectury Transformer DEBUG] Found class transformer
[Architectury Transformer DEBUG] Writing kotlin/jvm/internal/SpreadBuilder with maxs=true frames=true
[Architectury Transformer DEBUG] Transformed kotlin/jvm/internal/SpreadBuilder in 148.2 μs
[Architectury Transformer DEBUG] Transforming from kotlin/reflect/KMutableProperty1$Setter.class to kotlin/reflect/KMutableProperty1$Setter.class with 5 transformer(s) on dev.architectury.transformer.handler.TinyRemapperPreparedTransformerHandler
[Architectury Transformer DEBUG] Found class transformer
[Architectury Transformer DEBUG] Writing kotlin/reflect/KMutableProperty1$Setter with maxs=true frames=true
[Architectury Transformer DEBUG] Transformed kotlin/reflect/KMutableProperty1$Setter in 70.30 μs
[Architectury Transformer DEBUG] Transforming from kotlin/jvm/internal/PropertyReference0Impl.class to kotlin/jvm/internal/PropertyReference0Impl.class with 5 transformer(s) on dev.architectury.transformer.handler.TinyRemapperPreparedTransformerHandler
[Architectury Transformer DEBUG] Found class transformer
[Architectury Transformer DEBUG] Writing kotlin/jvm/internal/PropertyReference0Impl with maxs=true frames=true
[Architectury Transformer DEBUG] Transformed kotlin/jvm/internal/PropertyReference0Impl in 195.6 μs
[Architectury Transformer DEBUG] Transforming from kotlin/sequences/TransformingSequence.class to kotlin/sequences/TransformingSequence.class with 5 transformer(s) on dev.architectury.transformer.handler.TinyRemapperPreparedTransformerHandler
[Architectury Transformer DEBUG] Found class transformer
[Architectury Transformer DEBUG] Writing kotlin/sequences/TransformingSequence with maxs=true frames=true
[Architectury Transformer DEBUG] Transformed kotlin/sequences/TransformingSequence in 230.4 μs
[Architectury Transformer DEBUG] Transforming from kotlin/sequences/TransformingSequence$iterator$1.class to kotlin/sequences/TransformingSequence$iterator$1.class with 5 transformer(s) on dev.architectury.transformer.handler.TinyRemapperPreparedTransformerHandler
[Architectury Transformer DEBUG] Found class transformer
[Architectury Transformer DEBUG] Writing kotlin/sequences/TransformingSequence$iterator$1 with maxs=true frames=true
[Architectury Transformer DEBUG] Transformed kotlin/sequences/TransformingSequence$iterator$1 in 114.7 μs
[Architectury Transformer DEBUG] Transforming from kotlin/jvm/internal/markers/KMutableIterator.class to kotlin/jvm/internal/markers/KMutableIterator.class with 5 transformer(s) on dev.architectury.transformer.handler.TinyRemapperPreparedTransformerHandler
[Architectury Transformer DEBUG] Found class transformer
[Architectury Transformer DEBUG] Writing kotlin/jvm/internal/markers/KMutableIterator with maxs=true frames=true
[Architectury Transformer DEBUG] Transformed kotlin/jvm/internal/markers/KMutableIterator in 151.0 μs
[Architectury Transformer DEBUG] Transforming from kotlin/jvm/internal/ArrayIteratorKt.class to kotlin/jvm/internal/ArrayIteratorKt.class with 5 transformer(s) on dev.architectury.transformer.handler.TinyRemapperPreparedTransformerHandler
[Architectury Transformer DEBUG] Found class transformer
[Architectury Transformer DEBUG] Writing kotlin/jvm/internal/ArrayIteratorKt with maxs=true frames=true
[Architectury Transformer DEBUG] Transformed kotlin/jvm/internal/ArrayIteratorKt in 135.4 μs
[Architectury Transformer DEBUG] Transforming from kotlin/jvm/internal/ArrayIterator.class to kotlin/jvm/internal/ArrayIterator.class with 5 transformer(s) on dev.architectury.transformer.handler.TinyRemapperPreparedTransformerHandler
[Architectury Transformer DEBUG] Found class transformer
[Architectury Transformer DEBUG] Writing kotlin/jvm/internal/ArrayIterator with maxs=true frames=true
[Architectury Transformer DEBUG] Transformed kotlin/jvm/internal/ArrayIterator in 128.5 μs
[Architectury Transformer DEBUG] Transforming from kotlin/io/FilesKt.class to kotlin/io/FilesKt.class with 5 transformer(s) on dev.architectury.transformer.handler.TinyRemapperPreparedTransformerHandler
[Architectury Transformer DEBUG] Found class transformer
[Architectury Transformer DEBUG] Writing kotlin/io/FilesKt with maxs=true frames=true
[Architectury Transformer DEBUG] Transformed kotlin/io/FilesKt in 177.8 μs
[Architectury Transformer DEBUG] Transforming from kotlin/io/FilesKt__UtilsKt.class to kotlin/io/FilesKt__UtilsKt.class with 5 transformer(s) on dev.architectury.transformer.handler.TinyRemapperPreparedTransformerHandler
[Architectury Transformer DEBUG] Found class transformer
[Architectury Transformer DEBUG] Writing kotlin/io/FilesKt__UtilsKt with maxs=true frames=true
[Architectury Transformer DEBUG] Transformed kotlin/io/FilesKt__UtilsKt in 546.2 μs
[Architectury Transformer DEBUG] Transforming from kotlin/io/FilesKt__FileTreeWalkKt.class to kotlin/io/FilesKt__FileTreeWalkKt.class with 5 transformer(s) on dev.architectury.transformer.handler.TinyRemapperPreparedTransformerHandler
[Architectury Transformer DEBUG] Found class transformer
[Architectury Transformer DEBUG] Writing kotlin/io/FilesKt__FileTreeWalkKt with maxs=true frames=true
[Architectury Transformer DEBUG] Transformed kotlin/io/FilesKt__FileTreeWalkKt in 105.9 μs
[Architectury Transformer DEBUG] Transforming from kotlin/io/FilesKt__FileReadWriteKt.class to kotlin/io/FilesKt__FileReadWriteKt.class with 5 transformer(s) on dev.architectury.transformer.handler.TinyRemapperPreparedTransformerHandler
[Architectury Transformer DEBUG] Found class transformer
[Architectury Transformer DEBUG] Writing kotlin/io/FilesKt__FileReadWriteKt with maxs=true frames=true
[Architectury Transformer DEBUG] Transformed kotlin/io/FilesKt__FileReadWriteKt in 518.9 μs
[Architectury Transformer DEBUG] Transforming from kotlin/io/FilesKt__FilePathComponentsKt.class to kotlin/io/FilesKt__FilePathComponentsKt.class with 5 transformer(s) on dev.architectury.transformer.handler.TinyRemapperPreparedTransformerHandler
[Architectury Transformer DEBUG] Found class transformer
[Architectury Transformer DEBUG] Writing kotlin/io/FilesKt__FilePathComponentsKt with maxs=true frames=true
[Architectury Transformer DEBUG] Transformed kotlin/io/FilesKt__FilePathComponentsKt in 162.5 μs
[Architectury Transformer DEBUG] Transforming from kotlin/text/Charsets.class to kotlin/text/Charsets.class with 5 transformer(s) on dev.architectury.transformer.handler.TinyRemapperPreparedTransformerHandler
[Architectury Transformer DEBUG] Found class transformer
[Architectury Transformer DEBUG] Writing kotlin/text/Charsets with maxs=true frames=true
[Architectury Transformer DEBUG] Transformed kotlin/text/Charsets in 137.4 μs
[Architectury Transformer DEBUG] Transforming from kotlin/io/TextStreamsKt.class to kotlin/io/TextStreamsKt.class with 5 transformer(s) on dev.architectury.transformer.handler.TinyRemapperPreparedTransformerHandler
[Architectury Transformer DEBUG] Found class transformer
[Architectury Transformer DEBUG] Writing kotlin/io/TextStreamsKt with maxs=true frames=true
[Architectury Transformer DEBUG] Transformed kotlin/io/TextStreamsKt in 301.3 μs
[Architectury Transformer DEBUG] Transforming from net/dan2026/cobblemonhammers/common/CobblemonHammers.class to net/dan2026/cobblemonhammers/common/CobblemonHammers.class with 5 transformer(s) on dev.architectury.transformer.handler.TinyRemapperPreparedTransformerHandler
[Architectury Transformer DEBUG] Found class transformer
[Architectury Transformer DEBUG] Writing net/dan2026/cobblemonhammers/common/CobblemonHammers with maxs=true frames=true
[Architectury Transformer DEBUG] Transformed net/dan2026/cobblemonhammers/common/CobblemonHammers in 330.5 μs
[Architectury Transformer DEBUG] Transforming from net/dan2026/cobblemonhammers/common/registry/ItemRegistry.class to net/dan2026/cobblemonhammers/common/registry/ItemRegistry.class with 5 transformer(s) on dev.architectury.transformer.handler.TinyRemapperPreparedTransformerHandler
[Architectury Transformer DEBUG] Found class transformer
[Architectury Transformer DEBUG] Writing net/dan2026/cobblemonhammers/common/registry/ItemRegistry with maxs=true frames=true
[Architectury Transformer DEBUG] Transformed net/dan2026/cobblemonhammers/common/registry/ItemRegistry in 221.9 μs
[Architectury Transformer DEBUG] Transforming from net/dan2026/cobblemonhammers/common/items/tools/hammers/FireStoneHammer.class to net/dan2026/cobblemonhammers/common/items/tools/hammers/FireStoneHammer.class with 5 transformer(s) on dev.architectury.transformer.handler.TinyRemapperPreparedTransformerHandler
[Architectury Transformer DEBUG] Found class transformer
[Architectury Transformer DEBUG] Writing net/dan2026/cobblemonhammers/common/items/tools/hammers/FireStoneHammer with maxs=true frames=true
[Architectury Transformer DEBUG] Transformed net/dan2026/cobblemonhammers/common/items/tools/hammers/FireStoneHammer in 155.4 μs
[Architectury Transformer DEBUG] Transforming from net/dan2026/cobblemonhammers/common/items/tools/hammers/BaseHammer.class to net/dan2026/cobblemonhammers/common/items/tools/hammers/BaseHammer.class with 5 transformer(s) on dev.architectury.transformer.handler.TinyRemapperPreparedTransformerHandler
[Architectury Transformer DEBUG] Found class transformer
[Architectury Transformer DEBUG] Writing net/dan2026/cobblemonhammers/common/items/tools/hammers/BaseHammer with maxs=true frames=true
[Architectury Transformer DEBUG] Transformed net/dan2026/cobblemonhammers/common/items/tools/hammers/BaseHammer in 147.2 μs
[Architectury Transformer DEBUG] Transforming from net/dan2026/cobblemonhammers/common/items/tools/hammers/WaterStoneHammer.class to net/dan2026/cobblemonhammers/common/items/tools/hammers/WaterStoneHammer.class with 5 transformer(s) on dev.architectury.transformer.handler.TinyRemapperPreparedTransformerHandler
[Architectury Transformer DEBUG] Found class transformer
[Architectury Transformer DEBUG] Writing net/dan2026/cobblemonhammers/common/items/tools/hammers/WaterStoneHammer with maxs=true frames=true
[Architectury Transformer DEBUG] Transformed net/dan2026/cobblemonhammers/common/items/tools/hammers/WaterStoneHammer in 103.8 μs
[Architectury Transformer DEBUG] Transforming from net/dan2026/cobblemonhammers/common/items/tools/hammers/LeafStoneHammer.class to net/dan2026/cobblemonhammers/common/items/tools/hammers/LeafStoneHammer.class with 5 transformer(s) on dev.architectury.transformer.handler.TinyRemapperPreparedTransformerHandler
[Architectury Transformer DEBUG] Found class transformer
[Architectury Transformer DEBUG] Writing net/dan2026/cobblemonhammers/common/items/tools/hammers/LeafStoneHammer with maxs=true frames=true
[Architectury Transformer DEBUG] Transformed net/dan2026/cobblemonhammers/common/items/tools/hammers/LeafStoneHammer in 105.9 μs
[Architectury Transformer DEBUG] Transforming from net/dan2026/cobblemonhammers/common/items/tools/hammers/ThunderStoneHammer.class to net/dan2026/cobblemonhammers/common/items/tools/hammers/ThunderStoneHammer.class with 5 transformer(s) on dev.architectury.transformer.handler.TinyRemapperPreparedTransformerHandler
[Architectury Transformer DEBUG] Found class transformer
[Architectury Transformer DEBUG] Writing net/dan2026/cobblemonhammers/common/items/tools/hammers/ThunderStoneHammer with maxs=true frames=true
[Architectury Transformer DEBUG] Transformed net/dan2026/cobblemonhammers/common/items/tools/hammers/ThunderStoneHammer in 95.90 μs
[Architectury Transformer DEBUG] Transforming from net/dan2026/cobblemonhammers/common/items/tools/hammers/MoonStoneHammer.class to net/dan2026/cobblemonhammers/common/items/tools/hammers/MoonStoneHammer.class with 5 transformer(s) on dev.architectury.transformer.handler.TinyRemapperPreparedTransformerHandler
[Architectury Transformer DEBUG] Found class transformer
[Architectury Transformer DEBUG] Writing net/dan2026/cobblemonhammers/common/items/tools/hammers/MoonStoneHammer with maxs=true frames=true
[Architectury Transformer DEBUG] Transformed net/dan2026/cobblemonhammers/common/items/tools/hammers/MoonStoneHammer in 89.00 μs
[Architectury Transformer DEBUG] Transforming from net/dan2026/cobblemonhammers/common/items/tools/hammers/SunStoneHammer.class to net/dan2026/cobblemonhammers/common/items/tools/hammers/SunStoneHammer.class with 5 transformer(s) on dev.architectury.transformer.handler.TinyRemapperPreparedTransformerHandler
[Architectury Transformer DEBUG] Found class transformer
[Architectury Transformer DEBUG] Writing net/dan2026/cobblemonhammers/common/items/tools/hammers/SunStoneHammer with maxs=true frames=true
[Architectury Transformer DEBUG] Transformed net/dan2026/cobblemonhammers/common/items/tools/hammers/SunStoneHammer in 113.6 μs
[Architectury Transformer DEBUG] Transforming from net/dan2026/cobblemonhammers/common/items/tools/hammers/ShinyStoneHammer.class to net/dan2026/cobblemonhammers/common/items/tools/hammers/ShinyStoneHammer.class with 5 transformer(s) on dev.architectury.transformer.handler.TinyRemapperPreparedTransformerHandler
[Architectury Transformer DEBUG] Found class transformer
[Architectury Transformer DEBUG] Writing net/dan2026/cobblemonhammers/common/items/tools/hammers/ShinyStoneHammer with maxs=true frames=true
[Architectury Transformer DEBUG] Transformed net/dan2026/cobblemonhammers/common/items/tools/hammers/ShinyStoneHammer in 132.5 μs
[Architectury Transformer DEBUG] Transforming from net/dan2026/cobblemonhammers/common/items/tools/hammers/DawnStoneHammer.class to net/dan2026/cobblemonhammers/common/items/tools/hammers/DawnStoneHammer.class with 5 transformer(s) on dev.architectury.transformer.handler.TinyRemapperPreparedTransformerHandler
[Architectury Transformer DEBUG] Found class transformer
[Architectury Transformer DEBUG] Writing net/dan2026/cobblemonhammers/common/items/tools/hammers/DawnStoneHammer with maxs=true frames=true
[Architectury Transformer DEBUG] Transformed net/dan2026/cobblemonhammers/common/items/tools/hammers/DawnStoneHammer in 115.8 μs
[Architectury Transformer DEBUG] Transforming from net/dan2026/cobblemonhammers/common/items/tools/hammers/DuskStoneHammer.class to net/dan2026/cobblemonhammers/common/items/tools/hammers/DuskStoneHammer.class with 5 transformer(s) on dev.architectury.transformer.handler.TinyRemapperPreparedTransformerHandler
[Architectury Transformer DEBUG] Found class transformer
[Architectury Transformer DEBUG] Writing net/dan2026/cobblemonhammers/common/items/tools/hammers/DuskStoneHammer with maxs=true frames=true
[Architectury Transformer DEBUG] Transformed net/dan2026/cobblemonhammers/common/items/tools/hammers/DuskStoneHammer in 87.10 μs
[Architectury Transformer DEBUG] Transforming from net/dan2026/cobblemonhammers/common/items/tools/hammers/IceStoneHammer.class to net/dan2026/cobblemonhammers/common/items/tools/hammers/IceStoneHammer.class with 5 transformer(s) on dev.architectury.transformer.handler.TinyRemapperPreparedTransformerHandler
[Architectury Transformer DEBUG] Found class transformer
[Architectury Transformer DEBUG] Writing net/dan2026/cobblemonhammers/common/items/tools/hammers/IceStoneHammer with maxs=true frames=true
[Architectury Transformer DEBUG] Transformed net/dan2026/cobblemonhammers/common/items/tools/hammers/IceStoneHammer in 83.20 μs
[Architectury Transformer DEBUG] Transforming from net/dan2026/cobblemonhammers/common/items/tiers/ToolTiers.class to net/dan2026/cobblemonhammers/common/items/tiers/ToolTiers.class with 5 transformer(s) on dev.architectury.transformer.handler.TinyRemapperPreparedTransformerHandler
[Architectury Transformer DEBUG] Found class transformer
[Architectury Transformer DEBUG] Writing net/dan2026/cobblemonhammers/common/items/tiers/ToolTiers with maxs=true frames=true
[Architectury Transformer DEBUG] Transformed net/dan2026/cobblemonhammers/common/items/tiers/ToolTiers in 351.2 μs
[Architectury Transformer DEBUG] Transforming from net/dan2026/cobblemonhammers/common/registry/CreativeTabRegistry.class to net/dan2026/cobblemonhammers/common/registry/CreativeTabRegistry.class with 5 transformer(s) on dev.architectury.transformer.handler.TinyRemapperPreparedTransformerHandler
[Architectury Transformer DEBUG] Found class transformer
[Architectury Transformer DEBUG] Writing net/dan2026/cobblemonhammers/common/registry/CreativeTabRegistry with maxs=true frames=true
[Architectury Transformer DEBUG] Transformed net/dan2026/cobblemonhammers/common/registry/CreativeTabRegistry in 171.2 μs
[Architectury Transformer DEBUG] Transforming from net/dan2026/cobblemonhammers/common/events/HammerEvents.class to net/dan2026/cobblemonhammers/common/events/HammerEvents.class with 5 transformer(s) on dev.architectury.transformer.handler.TinyRemapperPreparedTransformerHandler
[Architectury Transformer DEBUG] Found class transformer
[Architectury Transformer DEBUG] Writing net/dan2026/cobblemonhammers/common/events/HammerEvents with maxs=true frames=true
[Architectury Transformer DEBUG] Transformed net/dan2026/cobblemonhammers/common/events/HammerEvents in 175.3 μs
[Architectury Transformer DEBUG] Transforming from kotlin/jvm/internal/AdaptedFunctionReference.class to kotlin/jvm/internal/AdaptedFunctionReference.class with 5 transformer(s) on dev.architectury.transformer.handler.TinyRemapperPreparedTransformerHandler
[Architectury Transformer DEBUG] Found class transformer
[Architectury Transformer DEBUG] Writing kotlin/jvm/internal/AdaptedFunctionReference with maxs=true frames=true
[Architectury Transformer DEBUG] Transformed kotlin/jvm/internal/AdaptedFunctionReference in 292.3 μs
[Architectury Transformer DEBUG] Transforming from kotlin/jvm/optionals/OptionalsKt.class to kotlin/jvm/optionals/OptionalsKt.class with 5 transformer(s) on dev.architectury.transformer.handler.TinyRemapperPreparedTransformerHandler
[Architectury Transformer DEBUG] Found class transformer
[Architectury Transformer DEBUG] Writing kotlin/jvm/optionals/OptionalsKt with maxs=true frames=true
[Architectury Transformer DEBUG] Transformed kotlin/jvm/optionals/OptionalsKt in 316.3 μs
[Architectury Transformer DEBUG] Transforming from kotlin/io/TerminateException.class to kotlin/io/TerminateException.class with 5 transformer(s) on dev.architectury.transformer.handler.TinyRemapperPreparedTransformerHandler
[Architectury Transformer DEBUG] Found class transformer
[Architectury Transformer DEBUG] Writing kotlin/io/TerminateException with maxs=true frames=true
[Architectury Transformer DEBUG] Transformed kotlin/io/TerminateException in 159.7 μs
[Architectury Transformer DEBUG] Transforming from kotlin/io/FileSystemException.class to kotlin/io/FileSystemException.class with 5 transformer(s) on dev.architectury.transformer.handler.TinyRemapperPreparedTransformerHandler
[Architectury Transformer DEBUG] Found class transformer
[Architectury Transformer DEBUG] Writing kotlin/io/FileSystemException with maxs=true frames=true
[Architectury Transformer DEBUG] Transformed kotlin/io/FileSystemException in 126.7 μs
[Architectury Transformer DEBUG] Transforming from kotlin/io/NoSuchFileException.class to kotlin/io/NoSuchFileException.class with 5 transformer(s) on dev.architectury.transformer.handler.TinyRemapperPreparedTransformerHandler
[Architectury Transformer DEBUG] Found class transformer
[Architectury Transformer DEBUG] Writing kotlin/io/NoSuchFileException with maxs=true frames=true
[Architectury Transformer DEBUG] Transformed kotlin/io/NoSuchFileException in 89.50 μs
[Architectury Transformer DEBUG] Transforming from kotlin/io/FileAlreadyExistsException.class to kotlin/io/FileAlreadyExistsException.class with 5 transformer(s) on dev.architectury.transformer.handler.TinyRemapperPreparedTransformerHandler
[Architectury Transformer DEBUG] Found class transformer
[Architectury Transformer DEBUG] Writing kotlin/io/FileAlreadyExistsException with maxs=true frames=true
[Architectury Transformer DEBUG] Transformed kotlin/io/FileAlreadyExistsException in 82.20 μs
[Architectury Transformer DEBUG] Transforming from kotlin/text/CharsKt.class to kotlin/text/CharsKt.class with 5 transformer(s) on dev.architectury.transformer.handler.TinyRemapperPreparedTransformerHandler
[Architectury Transformer DEBUG] Found class transformer
[Architectury Transformer DEBUG] Writing kotlin/text/CharsKt with maxs=true frames=true
[Architectury Transformer DEBUG] Transformed kotlin/text/CharsKt in 160.3 μs
[Architectury Transformer DEBUG] Transforming from kotlin/text/CharsKt__CharKt.class to kotlin/text/CharsKt__CharKt.class with 5 transformer(s) on dev.architectury.transformer.handler.TinyRemapperPreparedTransformerHandler
[Architectury Transformer DEBUG] Found class transformer
[Architectury Transformer DEBUG] Writing kotlin/text/CharsKt__CharKt with maxs=true frames=true
[Architectury Transformer DEBUG] Transformed kotlin/text/CharsKt__CharKt in 201.3 μs
[Architectury Transformer DEBUG] Transforming from kotlin/text/CharsKt__CharJVMKt.class to kotlin/text/CharsKt__CharJVMKt.class with 5 transformer(s) on dev.architectury.transformer.handler.TinyRemapperPreparedTransformerHandler
[Architectury Transformer DEBUG] Found class transformer
[Architectury Transformer DEBUG] Writing kotlin/text/CharsKt__CharJVMKt with maxs=true frames=true
[Architectury Transformer DEBUG] Transformed kotlin/text/CharsKt__CharJVMKt in 230.2 μs
[Architectury Transformer DEBUG] Transforming from kotlin/random/Random.class to kotlin/random/Random.class with 5 transformer(s) on dev.architectury.transformer.handler.TinyRemapperPreparedTransformerHandler
[Architectury Transformer DEBUG] Found class transformer
[Architectury Transformer DEBUG] Writing kotlin/random/Random with maxs=true frames=true
[Architectury Transformer DEBUG] Transformed kotlin/random/Random in 409.5 μs
[Architectury Transformer DEBUG] Transforming from kotlin/random/Random$Default.class to kotlin/random/Random$Default.class with 5 transformer(s) on dev.architectury.transformer.handler.TinyRemapperPreparedTransformerHandler
[Architectury Transformer DEBUG] Found class transformer
[Architectury Transformer DEBUG] Writing kotlin/random/Random$Default with maxs=true frames=true
[Architectury Transformer DEBUG] Transformed kotlin/random/Random$Default in 144.8 μs
[Architectury Transformer DEBUG] Transforming from kotlin/internal/PlatformImplementationsKt.class to kotlin/internal/PlatformImplementationsKt.class with 5 transformer(s) on dev.architectury.transformer.handler.TinyRemapperPreparedTransformerHandler
[Architectury Transformer DEBUG] Found class transformer
[Architectury Transformer DEBUG] Writing kotlin/internal/PlatformImplementationsKt with maxs=true frames=true
[Architectury Transformer DEBUG] Transformed kotlin/internal/PlatformImplementationsKt in 145.0 μs
[Architectury Transformer DEBUG] Transforming from kotlin/internal/jdk8/JDK8PlatformImplementations.class to kotlin/internal/jdk8/JDK8PlatformImplementations.class with 5 transformer(s) on dev.architectury.transformer.ha[Architectury Transformer DEBUG] Transforming from kotlin/jvm/internal/TypeIntrinsics.class to kotlin/jvm/internal/TypeIntrinsics.class with 5 transformer(s) on dev.architectury.transformer.handler.TinyRemapperPreparedTransformerHandler
[Architectury Transformer DEBUG] Found class transformer
[Architectury Transformer DEBUG] Writing kotlin/jvm/internal/TypeIntrinsics with maxs=true frames=true
[Architectury Transformer DEBUG] Transformed kotlin/jvm/internal/TypeIntrinsics in 941.8 μs
[Architectury Transformer DEBUG] Transforming from kotlin/jvm/optionals/OptionalsKt.class to kotlin/jvm/optionals/OptionalsKt.class with 5 transformer(s) on dev.architectury.transformer.handler.TinyRemapperPreparedTransformerHandler
[Architectury Transformer DEBUG] Found class transformer
[Architectury Transformer DEBUG] Writing kotlin/jvm/optionals/OptionalsKt with maxs=true frames=true
[Architectury Transformer DEBUG] Transformed kotlin/jvm/optionals/OptionalsKt in 413.9 μs
[Architectury Transformer DEBUG] Transforming from kotlin/random/Random.class to kotlin/random/Random.class with 5 transformer(s) on dev.architectury.transformer.handler.TinyRemapperPreparedTransformerHandler
[Architectury Transformer DEBUG] Found class transformer
[Architectury Transformer DEBUG] Writing kotlin/random/Random with maxs=true frames=true
[Architectury Transformer DEBUG] Transformed kotlin/random/Random in 1.122 ms
[Architectury Transformer DEBUG] Transforming from kotlin/random/Random$Default.class to kotlin/random/Random$Default.class with 5 transformer(s) on dev.architectury.transformer.handler.TinyRemapperPreparedTransformerHandler
[Architectury Transformer DEBUG] Found class transformer
[Architectury Transformer DEBUG] Writing kotlin/random/Random$Default with maxs=true frames=true
[Architectury Transformer DEBUG] Transformed kotlin/random/Random$Default in 214.3 μs
[Architectury Transformer DEBUG] Transforming from kotlin/internal/PlatformImplementationsKt.class to kotlin/internal/PlatformImplementationsKt.class with 5 transformer(s) on dev.architectury.transformer.handler.TinyRemapperPreparedTransformerHandler
[Architectury Transformer DEBUG] Found class transformer
[Architectury Transformer DEBUG] Writing kotlin/internal/PlatformImplementationsKt with maxs=true frames=true
[Architectury Transformer DEBUG] Transformed kotlin/internal/PlatformImplementationsKt in 203.3 μs
[Architectury Transformer DEBUG] Transforming from kotlin/internal/jdk8/JDK8PlatformImplementations.class to kotlin/internal/jdk8/JDK8PlatformImplementations.class with 5 transformer(s) on dev.architectury.transformer.handler.TinyRemapperPreparedTransformerHandler
[Architectury Transformer DEBUG] Found class transformer
[Architectury Transformer DEBUG] Writing kotlin/internal/jdk8/JDK8PlatformImplementations with maxs=true frames=true
[Architectury Transformer DEBUG] Transformed kotlin/internal/jdk8/JDK8PlatformImplementations in 175.0 μs
[Architectury Transformer DEBUG] Transforming from kotlin/internal/jdk7/JDK7PlatformImplementations.class to kotlin/internal/jdk7/JDK7PlatformImplementations.class with 5 transformer(s) on dev.architectury.transformer.handler.TinyRemapperPreparedTransformerHandler
[Architectury Transformer DEBUG] Found class transformer
[Architectury Transformer DEBUG] Writing kotlin/internal/jdk7/JDK7PlatformImplementations with maxs=true frames=true
[Architectury Transformer DEBUG] Transformed kotlin/internal/jdk7/JDK7PlatformImplementations in 173.4 μs
[Architectury Transformer DEBUG] Transforming from kotlin/internal/PlatformImplementations.class to kotlin/internal/PlatformImplementations.class with 5 transformer(s) on dev.architectury.transformer.handler.TinyRemapperPreparedTransformerHandler
[Architectury Transformer DEBUG] Found class transformer
[Architectury Transformer DEBUG] Writing kotlin/internal/PlatformImplementations with maxs=true frames=true
[Architectury Transformer DEBUG] Transformed kotlin/internal/PlatformImplementations in 200.3 μs
[Architectury Transformer DEBUG] Transforming from kotlin/internal/jdk8/JDK8PlatformImplementations$ReflectSdkVersion.class to kotlin/internal/jdk8/JDK8PlatformImplementations$ReflectSdkVersion.class with 5 transformer(s) on dev.architectury.transformer.handler.TinyRemapperPreparedTransformerHandler
[Architectury Transformer DEBUG] Found class transformer
[Architectury Transformer DEBUG] Writing kotlin/internal/jdk8/JDK8PlatformImplementations$ReflectSdkVersion with maxs=true frames=true
[Architectury Transformer DEBUG] Transformed kotlin/internal/jdk8/JDK8PlatformImplementations$ReflectSdkVersion in 156.6 μs
[Architectury Transformer DEBUG] Transforming from kotlin/random/jdk8/PlatformThreadLocalRandom.class to kotlin/random/jdk8/PlatformThreadLocalRandom.class with 5 transformer(s) on dev.architectury.transformer.handler.TinyRemapperPreparedTransformerHandler
[Architectury Transformer DEBUG] Found class transformer
[Architectury Transformer DEBUG] Writing kotlin/random/jdk8/PlatformThreadLocalRandom with maxs=true frames=true
[Architectury Transformer DEBUG] Transformed kotlin/random/jdk8/PlatformThreadLocalRandom in 260.5 μs
[Architectury Transformer DEBUG] Transforming from kotlin/random/AbstractPlatformRandom.class to kotlin/random/AbstractPlatformRandom.class with 5 transformer(s) on dev.architectury.transformer.handler.TinyRemapperPreparedTransformerHandler
[Architectury Transformer DEBUG] Found class transformer
[Architectury Transformer DEBUG] Writing kotlin/random/AbstractPlatformRandom with maxs=true frames=true
[Architectury Transformer DEBUG] Transformed kotlin/random/AbstractPlatformRandom in 152.4 μs
[Architectury Transformer DEBUG] Transforming from kotlin/random/RandomKt.class to kotlin/random/RandomKt.class with 5 transformer(s) on dev.architectury.transformer.handler.TinyRemapperPreparedTransformerHandler
[Architectury Transformer DEBUG] Found class transformer
[Architectury Transformer DEBUG] Writing kotlin/random/RandomKt with maxs=true frames=true
[Architectury Transformer DEBUG] Transformed kotlin/random/RandomKt in 298.4 μs
[Architectury Transformer DEBUG] Transforming from kotlin/math/MathKt.class to kotlin/math/MathKt.class with 5 transformer(s) on dev.architectury.transformer.handler.TinyRemapperPreparedTransformerHandler
[Architectury Transformer DEBUG] Found class transformer
[Architectury Transformer DEBUG] Writing kotlin/math/MathKt with maxs=true frames=true
[Architectury Transformer DEBUG] Transformed kotlin/math/MathKt in 403.9 μs
[Architectury Transformer DEBUG] Transforming from kotlin/math/MathKt__MathJVMKt.class to kotlin/math/MathKt__MathJVMKt.class with 5 transformer(s) on dev.architectury.transformer.handler.TinyRemapperPreparedTransformerHandler
[Architectury Transformer DEBUG] Found class transformer
[Architectury Transformer DEBUG] Writing kotlin/math/MathKt__MathJVMKt with maxs=true frames=true
[Architectury Transformer DEBUG] Transformed kotlin/math/MathKt__MathJVMKt in 445.5 μs
[Architectury Transformer DEBUG] Transforming from kotlin/math/MathKt__MathHKt.class to kotlin/math/MathKt__MathHKt.class with 5 transformer(s) on dev.architectury.transformer.handler.TinyRemapperPreparedTransformerHandler
[Architectury Transformer DEBUG] Found class transformer
[Architectury Transformer DEBUG] Writing kotlin/math/MathKt__MathHKt with maxs=true frames=true
[Architectury Transformer DEBUG] Transformed kotlin/math/MathKt__MathHKt in 102.3 μs
[Architectury Transformer DEBUG] Transforming from kotlin/collections/ArrayDeque.class to kotlin/collections/ArrayDeque.class with 5 transformer(s) on dev.architectury.transformer.handler.TinyRemapperPreparedTransformerHandler
[Architectury Transformer DEBUG] Found class transformer
[Architectury Transformer DEBUG] Writing kotlin/collections/ArrayDeque with maxs=true frames=true
[Architectury Transformer DEBUG] Transformed kotlin/collections/ArrayDeque in 871.9 μs
[Architectury Transformer DEBUG] Transforming from kotlin/collections/AbstractMutableList.class to kotlin/collections/AbstractMutableList.class with 5 transformer(s) on dev.architectury.transformer.handler.TinyRemapperPreparedTransformerHandler
[Architectury Transformer DEBUG] Found class transformer
[Architectury Transformer DEBUG] Writing kotlin/collections/AbstractMutableList with maxs=true frames=true
[Architectury Transformer DEBUG] Transformed kotlin/collections/AbstractMutableList in 97.60 μs
[Architectury Transformer DEBUG] Transforming from kotlin/jvm/internal/markers/KMutableList.class to kotlin/jvm/internal/markers/KMutableList.class with 5 transformer(s) on dev.architectury.transformer.handler.TinyRemapperPreparedTransformerHandler
[Architectury Transformer DEBUG] Found class transformer
[Architectury Transformer DEBUG] Writing kotlin/jvm/internal/markers/KMutableList with maxs=true frames=true
[Architectury Transformer DEBUG] Transformed kotlin/jvm/internal/markers/KMutableList in 58.00 μs
[Architectury Transformer DEBUG] Transforming from kotlin/collections/ArrayDeque$Companion.class to kotlin/collections/ArrayDeque$Companion.class with 5 transformer(s) on dev.architectury.transformer.handler.TinyRemapperPreparedTransformerHandler
[Architectury Transformer DEBUG] Found class transformer
[Architectury Transformer DEBUG] Writing kotlin/collections/ArrayDeque$Companion with maxs=true frames=true
[Architectury Transformer DEBUG] Transformed kotlin/collections/ArrayDeque$Companion in 108.4 μs
[Architectury Transformer DEBUG] Transforming from kotlin/ranges/ClosedFloatingPointRange.class to kotlin/ranges/ClosedFloatingPointRange.class with 5 transformer(s) on dev.architectury.transformer.handler.TinyRemapperPreparedTransformerHandler
[Architectury Transformer DEBUG] Found class transformer
[Architectury Transformer DEBUG] Writing kotlin/ranges/ClosedFloatingPointRange with maxs=true frames=true
[Architectury Transformer DEBUG] Transformed kotlin/ranges/ClosedFloatingPointRange in 154.5 μs
[Architectury Transformer DEBUG] Transforming from kotlin/ranges/ClosedFloatRange.class to kotlin/ranges/ClosedFloatRange.class with 5 transformer(s) on dev.architectury.transformer.handler.TinyRemapperPreparedTransformerHandler
[Architectury Transformer DEBUG] Found class transformer
[Architectury Transformer DEBUG] Writing kotlin/ranges/ClosedFloatRange with maxs=true frames=true
[Architectury Transformer DEBUG] Transformed kotlin/ranges/ClosedFloatRange in 283.1 μs
er DEBUG] Transforming from kotlin/ranges/ClosedFloatingPointRange.class to kotlin/ranges/ClosedFloatingPointRange.class with 5 transformer(s) on dev.architectury.transformer.handler.TinyRemapperPreparedTransformerHandler
[Architectury Transformer DEBUG] Found class transformer
[Architectury Transformer DEBUG] Writing kotlin/ranges/ClosedFloatingPointRange with maxs=true frames=true
[Architectury Transformer DEBUG] Transformed kotlin/ranges/ClosedFloatingPointRange in 215.1 μs
[Architectury Transformer DEBUG] Transforming from kotlin/collections/ArrayDeque.class to kotlin/collections/ArrayDeque.class with 5 transformer(s) on dev.architectury.transformer.handler.TinyRemapperPreparedTransformerHandler
[Architectury Transformer DEBUG] Found class transformer
[Architectury Transformer DEBUG] Writing kotlin/collections/ArrayDeque with maxs=true frames=true
[Architectury Transformer DEBUG] Transformed kotlin/collections/ArrayDeque in 843.8 μs
[Architectury Transformer DEBUG] Transforming from kotlin/collections/AbstractMutableList.class to kotlin/collections/AbstractMutableList.class with 5 transformer(s) on dev.architectury.transformer.handler.TinyRemapperPreparedTransformerHandler
[Architectury Transformer DEBUG] Found class transformer
[Architectury Transformer DEBUG] Writing kotlin/collections/AbstractMutableList with maxs=true frames=true
[Architectury Transformer DEBUG] Transformed kotlin/collections/AbstractMutableList in 83.70 μs
[Architectury Transformer DEBUG] Transforming from kotlin/jvm/internal/markers/KMutableList.class to kotlin/jvm/internal/markers/KMutableList.class with 5 transformer(s) on dev.architectury.transformer.handler.TinyRemapperPreparedTransformerHandler
[Architectury Transformer DEBUG] Found class transformer
[Architectury Transformer DEBUG] Writing kotlin/jvm/internal/markers/KMutableList with maxs=true frames=true
[Architectury Transformer DEBUG] Transformed kotlin/jvm/internal/markers/KMutableList in 53.90 μs
[Architectury Transformer DEBUG] Transforming from kotlin/collections/ArrayDeque$Companion.class to kotlin/collections/ArrayDeque$Companion.class with 5 transformer(s) on dev.architectury.transformer.handler.TinyRemapperPreparedTransformerHandler
[Architectury Transformer DEBUG] Found class transformer
[Architectury Transformer DEBUG] Writing kotlin/collections/ArrayDeque$Companion with maxs=true frames=true
[Architectury Transformer DEBUG] Transformed kotlin/collections/ArrayDeque$Companion in 70.60 μs
[Architectury Transformer DEBUG] Transforming from kotlin/jvm/internal/Ref$BooleanRef.class to kotlin/jvm/internal/Ref$BooleanRef.class with 5 transformer(s) on dev.architectury.transformer.handler.TinyRemapperPreparedTransformerHandler
[Architectury Transformer DEBUG] Found class transformer
[Architectury Transformer DEBUG] Writing kotlin/jvm/internal/Ref$BooleanRef with maxs=true frames=true
[Architectury Transformer DEBUG] Transformed kotlin/jvm/internal/Ref$BooleanRef in 543.7 μs
[Architectury Transformer DEBUG] Transforming from kotlin/jvm/internal/Ref$DoubleRef.class to kotlin/jvm/internal/Ref$DoubleRef.class with 5 transformer(s) on dev.architectury.transformer.handler.TinyRemapperPreparedTransformerHandler
[Architectury Transformer DEBUG] Found class transformer
[Architectury Transformer DEBUG] Writing kotlin/jvm/internal/Ref$DoubleRef with maxs=true frames=true
[Architectury Transformer DEBUG] Transformed kotlin/jvm/internal/Ref$DoubleRef in 363.9 μs
